9975147_345_A34QZDSTKZ3JO9,1,0.5289920230313865
3651490_320_A104V8NZIQFN2F,1,0.5152097403873381
5445948_307_A247LJDZOGXJK6,1,0.5073778469591531
5477096_432_A34QZDSTKZ3JO9,1,0.599406963292432
13303812_159_A2GHGJP29KRWOQ,1,0.5038823993550483
3526042_138_A3TKD7EJ6BM0M5,1,0.5165109906386204
5475504_203_AE861G0AY5RGT,1,0.5127958053963609
6022328_10_A1CF6U3GF7DZEJ,1,0.5048656851523634
10396017_407_A1CF6U3GF7DZEJ,0,0.5127694880266347
6953350_0_APW9F8OTJ4KXO,1,0.5119074688909814
11965227_391_A3TKD7EJ6BM0M5,0,0.5014948011693028
9952573_220_A1HKYY6XI2OHO1,0,0.5026533458332976
7545952_11_A1CF6U3GF7DZEJ,0,0.5501194278425011
8832426_496_A3C9GGDXBZW62D,0,0.501856873852506
10346152_0_A2JKETV64OU7DY,1,0.5016959296626569
3639835_338_A3PILUAB7LZGWQ,1,0.5040365904049472
6129077_395_A34QZDSTKZ3JO9,0,0.5088166049653189
10951533_475_A1I4CYG5YDFTYM,1,0.5457706196728375
4583769_0_AE861G0AY5RGT,1,0.5
3176054_290_A1DJNUJZN8FE7N,1,0.5
7447002_600_AB98SGS280TY5,1,0.5110824354749239
7951527_155_A1I4CYG5YDFTYM,0,0.5100864030596846
9831390_0_A104V8NZIQFN2F,1,0.5135764283745243
11894913_488_AA7ASGQEOMKEZ,1,0.5128029503053035
2700850_221_AJNQ2PBD07FKE,0,0.5086402535997356
7957857_673_A34QZDSTKZ3JO9,0,0.5027186196409907
3122593_214_APW9F8OTJ4KXO,0,0.5013549423094372
8389640_328_A247LJDZOGXJK6,0,0.5113856818352305
7046664_196_A247LJDZOGXJK6,0,0.5010066280264367
2653827_630_A1CF6U3GF7DZEJ,1,0.5092202004870867
11670926_107_A1DJNUJZN8FE7N,0,0.5218774770264513
10228010_160_A1HKYY6XI2OHO1,0,0.5077256671956869
5448130_383_A104V8NZIQFN2F,1,0.5009534847945861
7441792_159_APW9F8OTJ4KXO,0,0.5105619027332795
12629542_220_A1CF6U3GF7DZEJ,1,0.5094619432351953
3647415_356_A3TKD7EJ6BM0M5,1,0.5111301757952118
11163402_303_A34QZDSTKZ3JO9,1,0.5100198879553784
4803078_343_A1DJNUJZN8FE7N,1,0.5035486278559659
6210543_90_A3TKD7EJ6BM0M5,1,0.5090697714783404
8892337_0_AA7ASGQEOMKEZ,1,0.5026368655654029
12628825_223_A1DJNUJZN8FE7N,1,0.5246538311573747
7951620_161_A1I4CYG5YDFTYM,1,0.505282727748712
10944255_438_A1DJNUJZN8FE7N,0,0.5367640550572995
7951577_328_A1I4CYG5YDFTYM,1,0.5254437818487827
5449342_67_A1HKYY6XI2OHO1,0,0.5040992596790037
7528221_101_A104V8NZIQFN2F,0,0.5147524284091198
10100991_0_A104V8NZIQFN2F,1,0.5068443819968296
5445948_0_A1I4CYG5YDFTYM,1,0.5151254397425522
9312264_156_A1I4CYG5YDFTYM,0,0.5074246123475648
5612224_338_A1CF6U3GF7DZEJ,1,0.5354883791384786
5518992_364_A34QZDSTKZ3JO9,1,0.5349669683727211
7952064_230_A34QZDSTKZ3JO9,0,0.5150400627833989
6032130_73_A1I4CYG5YDFTYM,1,0.5175452406156238
9863387_192_APW9F8OTJ4KXO,0,0.5345816562789538
11526420_122_APW9F8OTJ4KXO,1,0.5057501150552549
12408129_0_AE861G0AY5RGT,0,0.5127995999022642
9830834_412_APW9F8OTJ4KXO,1,0.5025011223820208
8841900_282_A1CF6U3GF7DZEJ,0,0.5067779257726142
8834740_580_A1HKYY6XI2OHO1,1,0.5148927780142964
5448130_383_AB98SGS280TY5,0,0.5317293178508617
10338783_127_A34QZDSTKZ3JO9,1,0.6161024293576525
4062498_218_A247LJDZOGXJK6,0,0.5093495153190025
5907773_300_A1DJNUJZN8FE7N,0,0.5008520075873207
12002102_0_AD8UJKT5HYGNJ,0,0.5109336521268928
12536410_143_AE861G0AY5RGT,1,0.513536132781825
9309004_185_A2QVMCGDLTWV9,1,0.5
11891193_331_A3TKD7EJ6BM0M5,1,0.5207617384479463
2700020_649_A34QZDSTKZ3JO9,1,0.5180558988006497
11970354_200_AYFOAD75CRBKE,1,0.5892072489359838
5612280_615_A34QZDSTKZ3JO9,1,0.5108696708191811
4063639_595_A1HKYY6XI2OHO1,1,0.5347560755725775
10944652_774_AE861G0AY5RGT,0,0.5355699712608473
10224439_92_A1I4CYG5YDFTYM,1,0.5043301206272583
11404235_276_A3TKD7EJ6BM0M5,0,0.5376776966399395
10100991_0_AE861G0AY5RGT,1,0.5131371530583606
12404722_129_A1I4CYG5YDFTYM,0,0.5046774814709021
4264489_681_A247LJDZOGXJK6,1,0.5052396182494757
2700850_221_A104V8NZIQFN2F,0,0.5095502996005035
13659246_229_A104V8NZIQFN2F,1,0.5332186288827319
6812570_454_A1CF6U3GF7DZEJ,1,0.5431837488428468
13320024_249_A104V8NZIQFN2F,0,0.5114071246866259
4595363_428_A34QZDSTKZ3JO9,1,0.5004864292194615
9177340_550_A1LZPWVZRTUZD0,1,0.5114091955939821
2699384_115_A1DJNUJZN8FE7N,1,0.5115153997763159
10396017_195_A1DJNUJZN8FE7N,1,0.5451351467552167
3234363_0_A1CF6U3GF7DZEJ,0,0.5300178998809069
5447530_253_AJNQ2PBD07FKE,0,0.5726306052369153
3651490_320_A3GNQDFPZALU92,0,0.5056372915114792
10951533_599_A104V8NZIQFN2F,0,0.5015448211876479
11408927_12_A104V8NZIQFN2F,0,0.5134849895105296
2700020_649_A1DJNUJZN8FE7N,1,0.503532251434502
13659246_365_A1I4CYG5YDFTYM,0,0.522445408238847
3649836_172_A1HKYY6XI2OHO1,1,0.5110880572116849
7950152_435_A1CF6U3GF7DZEJ,0,0.5254952324239306
4839122_716_A104V8NZIQFN2F,1,0.5050995473060182
11408162_344_A1DJNUJZN8FE7N,1,0.5064776896615202
2326100_375_APQU1QQ738JV9,0,0.5402234345002258
2700862_178_AE861G0AY5RGT,1,0.5
4592432_277_A2GHGJP29KRWOQ,1,0.503221538392067
4803078_343_APW9F8OTJ4KXO,1,0.5092585516181123
11652915_304_A34QZDSTKZ3JO9,1,0.5104345062616508
7950152_326_A1DJNUJZN8FE7N,0,0.5095186936185443
11160920_233_AA7ASGQEOMKEZ,1,0.5178207714698713
10338469_90_A1HKYY6XI2OHO1,0,0.5122348113847841
6540450_0_A1CF6U3GF7DZEJ,0,0.5008404850026031
11403441_274_A1CF6U3GF7DZEJ,0,0.544751753618328
10228010_216_APW9F8OTJ4KXO,0,0.5064935429988857
6017135_72_A1OYYWJ2B7OQTD,1,0.5161052901498492
11163402_167_A1N1T17XTPEEK5,1,0.5108081525136923
2700867_102_APW9F8OTJ4KXO,1,0.5020035662778553
4063639_595_A1I4CYG5YDFTYM,1,0.5003988776548394
6890090_180_A1CF6U3GF7DZEJ,1,0.5361695914536297
6995121_203_A3TKD7EJ6BM0M5,0,0.5103487361731452
11891193_127_A104V8NZIQFN2F,0,0.5220245528588043
7955845_286_A247LJDZOGXJK6,0,0.527739285262556
6018659_227_A104V8NZIQFN2F,1,0.5214108465378051
10100991_415_A34QZDSTKZ3JO9,1,0.527949330477028
12628676_554_A1CF6U3GF7DZEJ,0,0.5221432294894436
9557758_49_A3TKD7EJ6BM0M5,0,0.5263500189770987
12015274_65_A3GNQDFPZALU92,1,0.520159559694717
5356141_153_A1DJNUJZN8FE7N,0,0.5960765570402438
6030836_0_A2D7S8Y2FAUWMC,0,0.50160825697411
6335460_399_A2QVMCGDLTWV9,0,0.525965193704943
5477405_0_AE861G0AY5RGT,0,0.5029608243934885
6037518_387_A1I4CYG5YDFTYM,1,0.5110581480966698
11900472_0_A3PILUAB7LZGWQ,0,0.502448565152575
6953387_92_A1DJNUJZN8FE7N,0,0.5242291935749008
3649836_172_A1DJNUJZN8FE7N,1,0.5163068319389085
6954953_35_A34QZDSTKZ3JO9,0,0.5146703741915746
9859903_582_A34QZDSTKZ3JO9,0,0.5269922065695036
9947157_261_A1CF6U3GF7DZEJ,0,0.5445516324503386
11408115_0_A1DJNUJZN8FE7N,0,0.5225770659916904
5449342_0_A3GNQDFPZALU92,1,0.5110330367253131
5611379_84_A247LJDZOGXJK6,1,0.5134828297550538
7955845_0_A1I4CYG5YDFTYM,1,0.5599418983001687
10095919_605_AB98SGS280TY5,1,0.5197821125136521
7957857_521_A2QVMCGDLTWV9,1,0.5253815479870587
5447530_752_AE861G0AY5RGT,0,0.5176217881460812
5360372_742_A1LZPWVZRTUZD0,0,0.5022600812109479
7329563_229_A104V8NZIQFN2F,0,0.5100837363937201
12997439_0_AE861G0AY5RGT,0,0.5251553407633678
9557758_243_APW9F8OTJ4KXO,1,0.502386298394817
6212698_362_A34QZDSTKZ3JO9,0,0.508885146031327
11163402_404_A34QZDSTKZ3JO9,0,0.5277220655191261
5378052_185_A1CF6U3GF7DZEJ,1,0.5
5477096_432_APW9F8OTJ4KXO,1,0.5006039226696408
12013086_252_A34QZDSTKZ3JO9,0,0.5021041941135636
12538804_183_AD8UJKT5HYGNJ,1,0.5169334112715775
6038024_306_A34QZDSTKZ3JO9,1,0.5070351275180989
9419257_447_A34QZDSTKZ3JO9,0,0.5220598087087536
3639835_338_A1CF6U3GF7DZEJ,1,0.523189520644013
7096050_0_A247LJDZOGXJK6,1,0.5
11520908_520_AE861G0AY5RGT,0,0.5167749925507589
9947157_154_AE861G0AY5RGT,0,0.5173995562652121
8385486_0_APW9F8OTJ4KXO,1,0.5021796960491378
8390305_345_A3TKD7EJ6BM0M5,0,0.5236010866283182
10344127_538_A1I4CYG5YDFTYM,0,0.5116133011247793
4426679_22_AE861G0AY5RGT,0,0.517641940334486
2655810_361_A2D7S8Y2FAUWMC,0,0.5219426050126534
12418818_0_A1DJNUJZN8FE7N,0,0.5269274804431574
9309004_185_AE861G0AY5RGT,1,0.5004532358189604
10396017_359_A1CF6U3GF7DZEJ,0,0.5010698721525426
9308914_112_AE861G0AY5RGT,0,0.5054335122856748
7447002_600_AE861G0AY5RGT,1,0.5487206180708462
11408807_126_A247LJDZOGXJK6,0,0.517679084198858
10099242_60_A34QZDSTKZ3JO9,1,0.5036648422001528
7096050_0_A3C9GGDXBZW62D,0,0.5108404945387204
9183882_51_A1I4CYG5YDFTYM,1,0.5082476086972043
3649631_140_A1CF6U3GF7DZEJ,1,0.5147315896243017
2699384_479_A34QZDSTKZ3JO9,1,0.5036691251997951
2341049_117_A34QZDSTKZ3JO9,1,0.5047414556380045
7237962_286_A34QZDSTKZ3JO9,1,0.539184468639831
11448878_687_A34QZDSTKZ3JO9,1,0.5219054845801555
4592399_454_A34QZDSTKZ3JO9,0,0.5635110435471948
7952666_625_A1OYYWJ2B7OQTD,1,0.5222546147961173
2700020_281_A1DJNUJZN8FE7N,1,0.5142843548539892
10948971_0_A34QZDSTKZ3JO9,1,0.5090702758095997
4964300_22_AE861G0AY5RGT,0,0.5156146984986862
9557758_49_APQU1QQ738JV9,0,0.5198100318082576
6953215_156_A1CF6U3GF7DZEJ,0,0.5352784511170479
5445253_523_A34QZDSTKZ3JO9,0,0.5048037737987838
8360040_148_AE861G0AY5RGT,0,0.5163013376404074
4838707_179_A1DJNUJZN8FE7N,1,0.5196689547202781
6949832_322_A1HKYY6XI2OHO1,0,0.5015514809826387
6103587_0_A2D7S8Y2FAUWMC,1,0.5
2699711_361_AB98SGS280TY5,0,0.5034808953810546
3235190_0_A34QZDSTKZ3JO9,0,0.5255701171199293
11408927_175_A2GHGJP29KRWOQ,1,0.505921695430859
9831366_0_A1I4CYG5YDFTYM,0,0.5100828375636297
9944713_0_A2G30CUMM6UXG5,1,0.5229155897259826
3175179_500_AE861G0AY5RGT,1,0.5061694982833798
11540283_213_AA7ASGQEOMKEZ,0,0.5189903416616195
4060466_260_A34QZDSTKZ3JO9,0,0.5152680910999161
9844415_393_A3TKD7EJ6BM0M5,0,0.5106689057056524
9944713_389_A104V8NZIQFN2F,0,0.515234988941405
12014627_104_AB98SGS280TY5,0,0.5205901436964413
3127716_968_A1I4CYG5YDFTYM,1,0.5029936354411847
5654207_0_A1CF6U3GF7DZEJ,1,0.5080283438681163
10095919_605_A104V8NZIQFN2F,0,0.5316284194689677
13659246_465_A104V8NZIQFN2F,0,0.5023911627372335
2698806_345_A104V8NZIQFN2F,0,0.5320525448650575
2700867_102_A1HKYY6XI2OHO1,0,0.5034177698033547
7957857_376_A1I4CYG5YDFTYM,1,0.5135509087700227
11163651_56_AE861G0AY5RGT,1,0.5104035815259529
13319707_476_A1DJNUJZN8FE7N,0,0.5071907713435658
2699622_455_A1I4CYG5YDFTYM,1,0.5168505730266547
6017135_17_APW9F8OTJ4KXO,0,0.505687276087716
9863414_511_A1LZPWVZRTUZD0,1,0.500589497313148
2323205_193_AA7ASGQEOMKEZ,1,0.5016233689018992
6102751_193_A2QVMCGDLTWV9,1,0.5380282641685294
13563613_293_A34QZDSTKZ3JO9,0,0.5096912111129782
7955845_286_AYFOAD75CRBKE,0,0.5121319379987255
6038024_306_AE861G0AY5RGT,0,0.5230583367135775
10100991_320_A34QZDSTKZ3JO9,1,0.5201329092800613
13081146_0_A1DJNUJZN8FE7N,0,0.5214282595371924
5447986_372_A3C9GGDXBZW62D,0,0.5119226884772634
6540450_156_A2JKETV64OU7DY,1,0.5110299362588657
5474672_140_A1DJNUJZN8FE7N,1,0.5230606211177493
2262077_390_A1CF6U3GF7DZEJ,1,0.5482341068695386
3235492_212_A1CF6U3GF7DZEJ,1,0.5206622561074683
2264065_190_A1DJNUJZN8FE7N,1,0.5086574475243024
4963738_276_A1DJNUJZN8FE7N,0,0.5212826039540593
10346152_389_A1I4CYG5YDFTYM,1,0.5275332311256264
2699780_104_A34QZDSTKZ3JO9,1,0.5028732180578686
12017128_84_AB98SGS280TY5,1,0.5197312675568875
7955845_0_A34QZDSTKZ3JO9,1,0.5067557551994949
8831613_509_A1CF6U3GF7DZEJ,0,0.511178667862386
7528221_0_A1HKYY6XI2OHO1,1,0.5017521675299793
6037743_326_A1OYYWJ2B7OQTD,0,0.5011757035173989
8385921_17_AE861G0AY5RGT,0,0.5096594511811079
6016899_0_A2QVMCGDLTWV9,1,0.5906629609809533
9311766_52_A34QZDSTKZ3JO9,1,0.5032087383125512
6953351_131_AE861G0AY5RGT,0,0.5122501886412932
2699711_361_AJNQ2PBD07FKE,1,0.5504507931489269
6954381_147_A2QVMCGDLTWV9,1,0.5003927885682061
9417917_321_A2JKETV64OU7DY,0,0.5099328703310548
11523833_166_A34QZDSTKZ3JO9,0,0.5088365256371886
5447530_253_A1I4CYG5YDFTYM,0,0.5032441330589277
13039830_179_AB98SGS280TY5,1,0.5040750359623254
4425625_274_A34QZDSTKZ3JO9,1,0.5077945934392395
6955398_0_A1I4CYG5YDFTYM,1,0.5184371350516597
7230457_951_A34QZDSTKZ3JO9,1,0.5278021876903638
6025796_187_A2GHGJP29KRWOQ,0,0.5940548398866785
6103367_0_A1HKYY6XI2OHO1,0,0.5202202428785578
3637150_0_A1I4CYG5YDFTYM,0,0.5120152595400784
4592517_0_A3PILUAB7LZGWQ,1,0.5184805192631692
2701138_335_A34QZDSTKZ3JO9,0,0.5100781206390168
12012725_373_A1DJNUJZN8FE7N,1,0.5043324762190631
2654957_283_A34QZDSTKZ3JO9,1,0.5125640734636399
9830834_0_A2G30CUMM6UXG5,1,0.5010623322213437
5382541_184_A1CF6U3GF7DZEJ,0,0.5305769319882947
2699604_345_A1CF6U3GF7DZEJ,0,0.5141192129686643
2264964_161_A104V8NZIQFN2F,1,0.5174484573747234
2852843_141_A2JKETV64OU7DY,1,0.5140383788381109
4594455_0_A3PILUAB7LZGWQ,1,0.5134787879528486
5061566_95_AE861G0AY5RGT,0,0.5082902460005786
3124188_719_AE861G0AY5RGT,1,0.5046790973061613
4366654_0_A1HKYY6XI2OHO1,0,0.5048803864477216
9853355_102_A24XBVPC9MYJVX,1,0.5008327777297198
5377578_77_A1OYYWJ2B7OQTD,1,0.5386807252486421
9419257_180_A104V8NZIQFN2F,0,0.5154389107663016
13653112_150_A1CF6U3GF7DZEJ,0,0.5137621188064018
6104729_65_A1LZPWVZRTUZD0,1,0.5088301952040586
6812058_695_A104V8NZIQFN2F,0,0.5717153695254071
3176054_0_A1CF6U3GF7DZEJ,0,0.5561442664103102
9417806_386_A2GHGJP29KRWOQ,1,0.5051335456377103
2326100_375_A1CF6U3GF7DZEJ,0,0.5170539855434451
5373584_295_A3PILUAB7LZGWQ,0,0.5233489512484353
10099723_83_A34QZDSTKZ3JO9,1,0.5405979725715184
2323212_234_A1DJNUJZN8FE7N,1,0.5007420773670952
2567078_365_AYFOAD75CRBKE,1,0.5587844622573492
11411383_255_A1DJNUJZN8FE7N,1,0.5170622601805088
4367203_79_A2GHGJP29KRWOQ,0,0.5095278830816302
5447986_0_AA7ASGQEOMKEZ,1,0.5335659872391436
9312464_700_A104V8NZIQFN2F,1,0.5155204025875513
9419257_10_A34QZDSTKZ3JO9,1,0.5423367114169451
6066271_10_AB98SGS280TY5,1,0.5012018349298317
8892337_0_A3C9GGDXBZW62D,1,0.5214875861393501
3170953_334_A1I4CYG5YDFTYM,0,0.5200832649098819
2700020_649_A3C9GGDXBZW62D,1,0.5145932187327983
9841537_340_A34QZDSTKZ3JO9,1,0.529060930653634
6003165_166_A34QZDSTKZ3JO9,1,0.5025606071294076
7950152_326_A34QZDSTKZ3JO9,0,0.502614228108924
3127716_968_A1HKYY6XI2OHO1,0,0.5116334032022167
2701458_582_A1LZPWVZRTUZD0,0,0.5455043290476519
6995121_203_AE861G0AY5RGT,1,0.5011618002022942
8390305_345_APW9F8OTJ4KXO,0,0.5012897116045971
7952666_625_A2QVMCGDLTWV9,0,0.5173629635354025
7951527_444_A1DJNUJZN8FE7N,0,0.5412116869942906
2700850_116_A34QZDSTKZ3JO9,0,0.5243319082507305
11404170_84_AE861G0AY5RGT,0,0.5022025138815567
2699604_345_A34QZDSTKZ3JO9,1,0.5284658121309331
7952064_230_A104V8NZIQFN2F,1,0.5115054388503053
10945584_337_A1I4CYG5YDFTYM,0,0.5183313236432121
12013086_330_A1HKYY6XI2OHO1,1,0.5105367481188009
4969473_87_A1DJNUJZN8FE7N,0,0.505436857772899
2264065_190_A1LZPWVZRTUZD0,1,0.5015446366454598
2701458_582_A247LJDZOGXJK6,0,0.5349000866330829
3285182_74_APW9F8OTJ4KXO,0,0.5030689474661213
9950396_0_A34QZDSTKZ3JO9,0,0.5278824136556306
7049483_32_AE861G0AY5RGT,1,0.522442399472095
7948878_0_AA7ASGQEOMKEZ,0,0.5216021083880675
7951873_50_A104V8NZIQFN2F,0,0.5246037137056023
5612224_338_A3TKD7EJ6BM0M5,0,0.5871322498719527
7528422_0_A247LJDZOGXJK6,0,0.5078713973638138
8828822_204_A104V8NZIQFN2F,0,0.5166854612884657
2700862_1163_AE861G0AY5RGT,1,0.5174544687986566
11917910_687_A1DJNUJZN8FE7N,0,0.5145143988167438
6516554_448_A1LZPWVZRTUZD0,1,0.5083645236642242
11408115_0_APW9F8OTJ4KXO,1,0.5031450303005736
9953236_117_A34QZDSTKZ3JO9,1,0.5080446680353354
11666716_0_A34QZDSTKZ3JO9,0,0.5127692983910147
9419257_10_A1DJNUJZN8FE7N,0,0.5556068583237874
8391093_336_A1LZPWVZRTUZD0,1,0.5064260429973358
4366654_0_A34QZDSTKZ3JO9,1,0.5080788609984913
8892337_317_APW9F8OTJ4KXO,1,0.5033841839190866
12534617_60_A1HKYY6XI2OHO1,0,0.509380964897602
10948971_587_AE861G0AY5RGT,1,0.5035896291000582
8390305_86_A104V8NZIQFN2F,0,0.5060271388311958
6814608_150_AE861G0AY5RGT,1,0.5245301679857048
11417696_0_A1CF6U3GF7DZEJ,1,0.5092115190984832
9183882_288_A34QZDSTKZ3JO9,0,0.5258312071799296
5905284_0_A104V8NZIQFN2F,0,0.5960002224307577
9308366_0_A1I4CYG5YDFTYM,0,0.5052044679626733
2699299_188_A34QZDSTKZ3JO9,0,0.5181708881859154
6949832_322_AYFOAD75CRBKE,1,0.5156262574682291
6066271_278_A1CF6U3GF7DZEJ,1,0.5285806618537199
13652278_0_APW9F8OTJ4KXO,0,0.5093927472866371
7968413_132_A34QZDSTKZ3JO9,0,0.5099254328583016
6953215_156_A24XBVPC9MYJVX,1,0.5078561659937624
6022867_0_A34QZDSTKZ3JO9,1,0.5305617433506221
7955845_741_A1DJNUJZN8FE7N,1,0.5514342271725994
3123867_377_A104V8NZIQFN2F,1,0.5054208767410245
2699263_426_APW9F8OTJ4KXO,1,0.5097598645751349
11404549_402_AA7ASGQEOMKEZ,0,0.5010496941159339
8829168_82_AE861G0AY5RGT,1,0.5003329396468901
3637150_168_AE861G0AY5RGT,0,0.5044438402156766
4859942_157_AA7ASGQEOMKEZ,0,0.5378858323967759
13657334_419_A34QZDSTKZ3JO9,1,0.5564636287073056
7326661_150_A1CF6U3GF7DZEJ,1,0.5016663762455341
4966919_863_A34QZDSTKZ3JO9,0,0.5402284457416093
6812570_755_AYFOAD75CRBKE,1,0.5327539617580352
8837139_0_AE861G0AY5RGT,0,0.5003282879391315
6539424_471_A1I4CYG5YDFTYM,0,0.5135678628818453
6102894_256_AB98SGS280TY5,1,0.5175462196820395
11967782_364_A104V8NZIQFN2F,0,0.5310270019317513
11408162_263_A1CF6U3GF7DZEJ,0,0.5461860557875968
12010736_0_A34QZDSTKZ3JO9,1,0.504939962030384
5447530_752_A1I4CYG5YDFTYM,0,0.5090012932820014
6540450_0_A104V8NZIQFN2F,0,0.5046997543175391
11966497_451_A247LJDZOGXJK6,0,0.5370600526043243
13238401_0_A1CF6U3GF7DZEJ,1,0.5025915991875199
10224439_333_APW9F8OTJ4KXO,1,0.5066929555827981
6812570_102_A34QZDSTKZ3JO9,1,0.5147655311409185
3176133_380_A1LZPWVZRTUZD0,0,0.513595798854027
2323212_0_A34QZDSTKZ3JO9,0,0.503590356816361
4367468_215_A1DJNUJZN8FE7N,1,0.5017819640676624
4595363_428_APQU1QQ738JV9,1,0.5026136713404783
5611379_84_A34QZDSTKZ3JO9,1,0.5031080601673211
6212507_226_A104V8NZIQFN2F,0,0.5035947652706902
9846734_338_A247LJDZOGXJK6,1,0.5090365334359479
11523833_166_A1I4CYG5YDFTYM,1,0.5122324989601073
8831613_0_APW9F8OTJ4KXO,1,0.5062921323118243
9950813_449_A104V8NZIQFN2F,1,0.5071475860858532
11408115_0_A34QZDSTKZ3JO9,0,0.5176944146862414
5612405_265_A104V8NZIQFN2F,0,0.5337344686991699
7951527_444_A1I4CYG5YDFTYM,1,0.5251530511650191
2566415_0_AB98SGS280TY5,0,0.5200098121547131
11403407_23_A1LZPWVZRTUZD0,0,0.5026780422699448
11410953_108_A1DJNUJZN8FE7N,1,0.5184291900826502
9182493_827_AA7ASGQEOMKEZ,0,0.5052425694408545
8841921_0_A1CF6U3GF7DZEJ,1,0.501648422186474
6131389_93_A34QZDSTKZ3JO9,1,0.5155976122671445
11520908_55_A1I4CYG5YDFTYM,1,0.5023253398059281
3123867_377_A1I4CYG5YDFTYM,0,0.5364566991855491
4070387_142_A1I4CYG5YDFTYM,1,0.5112918334414108
9944889_71_A104V8NZIQFN2F,1,0.5260738031573176
13651544_444_A104V8NZIQFN2F,1,0.5052911265014606
3124932_109_A1I4CYG5YDFTYM,0,0.5042473819830016
6896111_56_A104V8NZIQFN2F,1,0.5132715724899273
9308914_360_A34QZDSTKZ3JO9,1,0.5283219556472081
10095324_382_A3GNQDFPZALU92,1,0.5142689800922959
5899543_0_A1CF6U3GF7DZEJ,0,0.5280832790657672
5360372_89_A104V8NZIQFN2F,0,0.523371416471635
8828406_0_A2GHGJP29KRWOQ,1,0.5083996323861404
13678655_0_A1DJNUJZN8FE7N,1,0.5225089337263065
2565476_386_A104V8NZIQFN2F,1,0.5188130475403826
8840022_174_APW9F8OTJ4KXO,1,0.5054411199047368
2655497_381_A34QZDSTKZ3JO9,1,0.5150882036429687
6893308_37_A34QZDSTKZ3JO9,1,0.5189373593385895
12538582_0_AGRKG3YT3KMD8,1,0.5473468671427558
3171678_0_AE861G0AY5RGT,0,0.5050184382677064
5445948_307_APW9F8OTJ4KXO,1,0.5117503302193227
10099242_220_A104V8NZIQFN2F,0,0.5581295002962787
8833999_399_A2D7S8Y2FAUWMC,0,0.5017219415792851
9308366_0_AE861G0AY5RGT,0,0.5044639059489319
9418772_0_A2GHGJP29KRWOQ,1,0.5192989855007184
6007042_0_A1I4CYG5YDFTYM,0,0.5066998786147883
10944652_774_A104V8NZIQFN2F,1,0.5000989578691701
5613090_326_A2QVMCGDLTWV9,0,0.6042490079328829
13321356_0_A1I4CYG5YDFTYM,1,0.5074545544279059
7951620_515_A34QZDSTKZ3JO9,0,0.5069803924744978
11894913_488_A34QZDSTKZ3JO9,1,0.5102661484550644
11417696_0_A34QZDSTKZ3JO9,0,0.5042440385807634
10224439_92_A104V8NZIQFN2F,1,0.5155559124632625
6212644_60_A1CF6U3GF7DZEJ,1,0.5021796821617738
4060466_260_AB98SGS280TY5,1,0.574624191843325
9952573_220_A34QZDSTKZ3JO9,1,0.5087579110874145
7952666_0_A1DJNUJZN8FE7N,0,0.5310014633509688
3172268_382_A1I4CYG5YDFTYM,1,0.5104584258663118
7327906_1007_A1DJNUJZN8FE7N,1,0.547916830128662
7237604_435_AE861G0AY5RGT,1,0.5188769917731204
12013086_0_A1DJNUJZN8FE7N,0,0.5016656308930173
2699384_479_AE861G0AY5RGT,0,0.502625312792972
9863414_511_A1I4CYG5YDFTYM,1,0.5004677005005019
3282588_59_A1DJNUJZN8FE7N,1,0.5060988022734545
9950119_0_A3TKD7EJ6BM0M5,1,0.5541085235360539
7528422_0_AA7ASGQEOMKEZ,0,0.5052717473019974
11893023_0_A3TKD7EJ6BM0M5,0,0.5021964310236062
6207424_0_A3PILUAB7LZGWQ,1,0.5092422904234537
11526420_122_A34QZDSTKZ3JO9,0,0.5631085371961919
6539424_272_A2GHGJP29KRWOQ,1,0.5011137261622285
7956728_212_A3C9GGDXBZW62D,0,0.521681257479795
2698616_0_A1CF6U3GF7DZEJ,1,0.5205846158414327
4425815_162_A3PILUAB7LZGWQ,0,0.5168638979943793
6129077_395_A104V8NZIQFN2F,0,0.537174273867888
12535548_0_A34QZDSTKZ3JO9,0,0.5310982788643048
12070390_173_A3TKD7EJ6BM0M5,0,0.5011076066762101
4426679_537_A34QZDSTKZ3JO9,0,0.5171766313806426
5446557_184_A2OZTBCBOCHF9E,0,0.5157942774124071
4963738_276_AYFOAD75CRBKE,1,0.5112461219114034
7952666_0_A34QZDSTKZ3JO9,1,0.5420770651155029
11653691_291_A1DJNUJZN8FE7N,1,0.512337463078178
10226499_137_A104V8NZIQFN2F,1,0.5151813987424515
3122701_455_APW9F8OTJ4KXO,0,0.5018996484104826
11896947_661_A1HKYY6XI2OHO1,0,0.534729279895467
5645380_0_A3TKD7EJ6BM0M5,0,0.5084803180624501
6024130_356_A2OZTBCBOCHF9E,1,0.52990236282868
6207424_320_A3TKD7EJ6BM0M5,0,0.5462328608963362
9417917_321_A34QZDSTKZ3JO9,0,0.532023199264181
12536410_143_A1I4CYG5YDFTYM,0,0.5106062181753468
10226499_137_AE861G0AY5RGT,1,0.5017843804806357
10099242_60_A2D7S8Y2FAUWMC,1,0.5087513337947185
6028049_248_A104V8NZIQFN2F,0,0.525458869049257
3649631_140_AE861G0AY5RGT,1,0.5471512544305206
6017135_226_A1I4CYG5YDFTYM,0,0.5134808865028158
6025796_445_A1HKYY6XI2OHO1,0,0.5322103969294848
2701138_335_A1I4CYG5YDFTYM,1,0.5003408110717695
5447986_0_A104V8NZIQFN2F,1,0.5042141411916057
2657567_79_A1V6JYTPVEMI7S,0,0.5027005087983845
8838287_6_A1DJNUJZN8FE7N,1,0.5008829199076827
5449542_0_A104V8NZIQFN2F,0,0.5243555129613577
9952050_384_AB98SGS280TY5,0,0.5008610541053844
3281388_291_A2GHGJP29KRWOQ,1,0.5025655152982027
7954757_191_A1I4CYG5YDFTYM,0,0.5121345839514182
11891193_331_A1CF6U3GF7DZEJ,0,0.538936347619694
6813091_526_A34QZDSTKZ3JO9,0,0.5272161456225892
11448878_901_A1HKYY6XI2OHO1,1,0.5062353929038736
8828822_204_AE861G0AY5RGT,1,0.5020701284764659
13237789_79_A34QZDSTKZ3JO9,0,0.5124031846799995
9971187_252_A1J0GU26323WVA,1,0.5012676967850727
9953448_82_A34QZDSTKZ3JO9,0,0.5026877502520888
9308278_66_A34QZDSTKZ3JO9,1,0.5536159634748661
2699263_158_AE861G0AY5RGT,0,0.5100812780293439
6949832_322_A1I4CYG5YDFTYM,1,0.5036595101222668
5450307_708_A34QZDSTKZ3JO9,1,0.5023244329120984
8831916_221_A34QZDSTKZ3JO9,0,0.5051557676684455
12018473_444_AB98SGS280TY5,0,0.500400742785544
2657396_121_A1I4CYG5YDFTYM,1,0.5158943959364803
11411383_0_APW9F8OTJ4KXO,1,0.5176294950668133
5477405_262_A1LZPWVZRTUZD0,1,0.5091824890338499
4838707_119_A34QZDSTKZ3JO9,0,0.5385329287361393
9974255_0_A3C9GGDXBZW62D,1,0.5046676855046315
3122635_27_A34QZDSTKZ3JO9,0,0.5009676782560564
9841537_340_APW9F8OTJ4KXO,1,0.5192016202925083
13678921_0_APW9F8OTJ4KXO,1,0.5098594178655259
11403407_198_A1DJNUJZN8FE7N,1,0.5111277355572863
11967782_85_A1DJNUJZN8FE7N,1,0.5214784568228097
6207424_320_A34QZDSTKZ3JO9,0,0.5395365045081519
4373275_395_A34QZDSTKZ3JO9,1,0.5
7528422_0_A1I4CYG5YDFTYM,1,0.5151585913023421
6022867_0_AA7ASGQEOMKEZ,0,0.507157946655304
6539424_471_A34QZDSTKZ3JO9,1,0.5176988569124243
6896712_291_A1DJNUJZN8FE7N,1,0.5101040134199664
12418818_389_A247LJDZOGXJK6,0,0.5588534378846961
5475504_203_A1I4CYG5YDFTYM,1,0.5011615170916797
7952992_715_A3PILUAB7LZGWQ,1,0.5386663715216676
4368020_366_A1HKYY6XI2OHO1,0,0.5056606274736725
5447530_595_A1HKYY6XI2OHO1,0,0.5018903156566199
2699780_104_A1DJNUJZN8FE7N,0,0.5278832578530913
2852843_141_APW9F8OTJ4KXO,1,0.5071011758271273
4373275_172_A1HKYY6XI2OHO1,0,0.5033178254723757
6022328_510_A34QZDSTKZ3JO9,0,0.5143902896657626
8832426_496_A34QZDSTKZ3JO9,1,0.5163312468029676
3282588_59_A34QZDSTKZ3JO9,0,0.5042872133504686
2699780_104_A1HKYY6XI2OHO1,0,0.512179242366404
11965482_699_AE861G0AY5RGT,0,0.5089777817903963
10944255_438_A3C9GGDXBZW62D,1,0.5110297982196186
6019509_344_AE861G0AY5RGT,1,0.5453213868020705
5645380_0_A104V8NZIQFN2F,0,0.5191128782180423
13652278_0_A34QZDSTKZ3JO9,0,0.5917854718985865
3122635_27_A2QVMCGDLTWV9,0,0.5201583276280477
7954757_191_A34QZDSTKZ3JO9,1,0.5237919982864331
2657396_81_A247LJDZOGXJK6,0,0.5126400522234551
8385486_0_A1DJNUJZN8FE7N,1,0.5115067248570551
13657334_419_A1CF6U3GF7DZEJ,0,0.5296345895121077
5480877_361_A1CF6U3GF7DZEJ,1,0.5492911907078573
3285182_252_A34QZDSTKZ3JO9,0,0.5212697939955753
8830542_132_A104V8NZIQFN2F,1,0.5034847413545476
6212507_226_AE861G0AY5RGT,1,0.5027985481218824
7049483_32_A3GNQDFPZALU92,1,0.5353849013270984
13725505_253_A1I4CYG5YDFTYM,1,0.5242589987489343
6037743_326_AE861G0AY5RGT,1,0.5038512009478924
3637150_168_A3TKD7EJ6BM0M5,1,0.5065934904354135
6032130_73_A34QZDSTKZ3JO9,1,0.5256162499055728
7956728_349_A1CF6U3GF7DZEJ,1,0.5117757997578162
11408162_263_A3GNQDFPZALU92,1,0.5159952754770123
9832599_442_APW9F8OTJ4KXO,1,0.5015665490205727
7528221_101_A3GNQDFPZALU92,0,0.5415055774391961
6131389_93_A2JKETV64OU7DY,1,0.517590437109695
9043990_0_A34QZDSTKZ3JO9,0,0.5325320579776212
9305668_0_A1CF6U3GF7DZEJ,0,0.5071381654992051
9045292_110_A104V8NZIQFN2F,1,0.5089266551396845
8839462_225_A1I4CYG5YDFTYM,0,0.5048717029261215
3174640_228_A34QZDSTKZ3JO9,1,0.5335236122463207
10228010_115_A34QZDSTKZ3JO9,0,0.5256768248840846
4389032_79_AE861G0AY5RGT,1,0.5219422217778865
7968605_907_A1CF6U3GF7DZEJ,1,0.5375436634031071
4964300_0_A1HKYY6XI2OHO1,1,0.5081093666386738
12013181_785_APW9F8OTJ4KXO,0,0.5022499186188003
11520908_55_A34QZDSTKZ3JO9,1,0.5179443484482222
7968413_132_A1I4CYG5YDFTYM,1,0.5058942958998042
3188226_172_A2QVMCGDLTWV9,0,0.5287412111138559
3285182_252_A1LZPWVZRTUZD0,0,0.510513393588654
2323212_234_AE861G0AY5RGT,0,0.5107295520443812
9832599_442_A1HKYY6XI2OHO1,1,0.5022935384781352
9975147_345_AA7ASGQEOMKEZ,1,0.5128588123394765
9949264_223_AE861G0AY5RGT,1,0.5150508444267148
9947157_154_A34QZDSTKZ3JO9,0,0.5348454201024613
10951533_475_A34QZDSTKZ3JO9,1,0.5103350890708147
5518992_134_A1J0GU26323WVA,1,0.5422426209879221
10226499_137_A2GHGJP29KRWOQ,0,0.5019931534477373
9327086_83_AE861G0AY5RGT,0,0.5143291661117446
7952465_125_A2GHGJP29KRWOQ,0,0.5078483201551234
11653691_737_AE861G0AY5RGT,1,0.5030551650832105
10767327_380_A1DJNUJZN8FE7N,0,0.5043403772701303
13081146_0_A1CF6U3GF7DZEJ,1,0.5101550950055779
7955845_286_A34QZDSTKZ3JO9,1,0.5376765460067086
6954381_147_A3TKD7EJ6BM0M5,0,0.5038556443672495
9417917_880_A2GHGJP29KRWOQ,0,0.5463402375790352
10944652_774_A2QVMCGDLTWV9,0,0.5169026320755383
13651544_37_AYFOAD75CRBKE,0,0.5490525383678311
9831390_15_A1CF6U3GF7DZEJ,1,0.5089524555931846
2699528_384_A34QZDSTKZ3JO9,0,0.506896184182788
12538747_447_APW9F8OTJ4KXO,0,0.5274236571212506
8687859_604_A34QZDSTKZ3JO9,1,0.5290543869528426
12017622_409_A2OZTBCBOCHF9E,1,0.5175604037648771
12074325_327_AA7ASGQEOMKEZ,1,0.5274598737122986
7954757_62_A2JKETV64OU7DY,1,0.5023163455553326
7057234_301_A1J0GU26323WVA,0,0.5597936064210511
11163128_8_AE861G0AY5RGT,0,0.5060479860265583
11891553_0_A34QZDSTKZ3JO9,1,0.5210014653195385
5449542_0_A3TKD7EJ6BM0M5,0,0.5094266033823622
2655810_227_APW9F8OTJ4KXO,0,0.507769064218049
3302960_57_A1I4CYG5YDFTYM,1,0.5163455114559298
4371398_686_A104V8NZIQFN2F,1,0.5169382238103823
7192051_342_A1DJNUJZN8FE7N,0,0.5273324490542401
6027980_507_A1HKYY6XI2OHO1,1,0.5327884645294795
9853997_193_A3GNQDFPZALU92,1,0.5033837576046503
9311766_52_A104V8NZIQFN2F,1,0.505745905465125
10225342_88_A104V8NZIQFN2F,1,0.5034774814811998
10527961_276_A2GHGJP29KRWOQ,0,0.5003119836672539
13237789_116_A247LJDZOGXJK6,1,0.5085907008265209
6103657_46_A1DJNUJZN8FE7N,0,0.5086851213882629
8828406_0_A1DJNUJZN8FE7N,0,0.5034135187916852
5613711_180_A1OYYWJ2B7OQTD,0,0.59338947002815
2699104_481_AE861G0AY5RGT,1,0.5173908636577519
10224008_80_A1DJNUJZN8FE7N,1,0.5352751170218006
6019509_344_A34QZDSTKZ3JO9,0,0.528924587941618
6032130_73_A1CF6U3GF7DZEJ,1,0.5199979472530423
12633427_954_AE861G0AY5RGT,1,0.5109702167747956
5445924_630_A2JKETV64OU7DY,0,0.5064380705730068
6017135_17_A1CF6U3GF7DZEJ,1,0.5008905385710967
3235190_0_A247LJDZOGXJK6,1,0.5035365086463726
2700850_116_A104V8NZIQFN2F,0,0.5159799276963115
4062443_409_A1I4CYG5YDFTYM,0,0.519003868162474
9953248_133_A1I4CYG5YDFTYM,0,0.5051151011377062
4845332_217_A1I4CYG5YDFTYM,1,0.5356508538993152
9305215_426_A1I4CYG5YDFTYM,1,0.5151265777775761
5480877_361_AYFOAD75CRBKE,1,0.5151539119621289
7545952_11_A34QZDSTKZ3JO9,1,0.506252282384682
8835812_0_A104V8NZIQFN2F,0,0.5078631660223596
6103587_0_A1DJNUJZN8FE7N,0,0.511148291661429
3124188_800_A2QVMCGDLTWV9,1,0.5194833939645196
3124932_0_A104V8NZIQFN2F,1,0.5007146912340878
4964300_22_A34QZDSTKZ3JO9,1,0.52647413037674
7950152_326_A2GHGJP29KRWOQ,0,0.5195006938368588
9952050_384_A1CF6U3GF7DZEJ,0,0.5034867565190562
9950119_108_A1DJNUJZN8FE7N,0,0.5085558818828453
6017135_17_A1I4CYG5YDFTYM,1,0.517747550854766
5613711_180_A1CF6U3GF7DZEJ,1,0.5158477380209292
2699822_167_A3TKD7EJ6BM0M5,1,0.5551047676042076
3651071_117_A1CF6U3GF7DZEJ,0,0.5110885394847673
5612224_338_A2JKETV64OU7DY,0,0.5132890451554311
4063299_234_A34QZDSTKZ3JO9,0,0.5055052841597957
7968413_132_AYFOAD75CRBKE,1,0.5159419313198875
2699541_170_A1DJNUJZN8FE7N,0,0.522700797225071
10228010_216_A1I4CYG5YDFTYM,1,0.507712257709085
9043990_308_A1CF6U3GF7DZEJ,0,0.5555415256464473
5446557_184_AE861G0AY5RGT,0,0.5120019668680151
7644790_273_A1I4CYG5YDFTYM,0,0.5228395340639382
5360372_635_A34QZDSTKZ3JO9,1,0.531264108381949
11900472_0_AE861G0AY5RGT,0,0.5699750812764075
12412641_198_APW9F8OTJ4KXO,1,0.5344787328273076
2700850_116_A1HKYY6XI2OHO1,0,0.5190852114660613
8828991_387_A1I4CYG5YDFTYM,0,0.5052733513529781
9853997_193_A1CF6U3GF7DZEJ,0,0.5421600370860191
6104729_65_A3TKD7EJ6BM0M5,0,0.5246067857722714
7948914_704_AE861G0AY5RGT,0,0.5201774460976494
9308914_360_A104V8NZIQFN2F,1,0.5272508067304151
11408162_344_A247LJDZOGXJK6,0,0.5083257694580144
2264065_190_APW9F8OTJ4KXO,1,0.5087849368959314
4367042_282_A1CF6U3GF7DZEJ,0,0.5078512051091908
3638806_0_A34QZDSTKZ3JO9,1,0.5177089978847207
4070387_142_A1LZPWVZRTUZD0,0,0.5212222358966674
7951380_271_AHQ90UG2T3KNB,0,0.5067371910322062
5477731_899_A1I4CYG5YDFTYM,0,0.5518878285211075
11963803_459_A1I4CYG5YDFTYM,0,0.5085050861559154
12538582_0_A1CF6U3GF7DZEJ,1,0.5036267109955795
9831959_439_A34QZDSTKZ3JO9,1,0.5032021027996455
6207424_320_APW9F8OTJ4KXO,1,0.5226323474751183
4426679_112_A1I4CYG5YDFTYM,1,0.5003520584374683
9043593_0_AE861G0AY5RGT,0,0.5116063356345766
12724989_0_A1HKYY6XI2OHO1,0,0.5126812550548561
7952064_230_A1LZPWVZRTUZD0,0,0.5434525848128658
6210543_90_A104V8NZIQFN2F,1,0.5032136435086831
3639142_81_A104V8NZIQFN2F,1,0.5214653579735026
12536410_355_A34QZDSTKZ3JO9,1,0.5019856212217131
6953351_131_AA7ASGQEOMKEZ,1,0.5060698040062346
2341049_117_A104V8NZIQFN2F,1,0.5375409803503753
4062498_730_AE861G0AY5RGT,1,0.5026717839685464
10228010_74_AE861G0AY5RGT,0,0.5086675945928502
7237604_435_A1I4CYG5YDFTYM,1,0.5
3235492_212_A104V8NZIQFN2F,1,0.5375004195675159
11404235_186_AA7ASGQEOMKEZ,1,0.5037955856989882
4441037_436_A34QZDSTKZ3JO9,0,0.5079049418830952
8828991_581_A3TKD7EJ6BM0M5,0,0.5012448126947899
8828991_217_A2QVMCGDLTWV9,0,0.5071085030346341
5358339_27_A2D7S8Y2FAUWMC,1,0.5274134505867996
5615055_0_A1HKYY6XI2OHO1,0,0.5058005195476742
12017128_84_AGRKG3YT3KMD8,0,0.5071786946024648
3647761_443_A34QZDSTKZ3JO9,0,0.5096251606773138
7957857_806_APW9F8OTJ4KXO,0,0.518150923136212
9950813_192_A34QZDSTKZ3JO9,0,0.521866983335397
7950152_31_AHQ90UG2T3KNB,1,0.5150397184775817
9950119_108_APW9F8OTJ4KXO,0,0.5069087512763758
7951527_444_AYFOAD75CRBKE,0,0.5025972215187632
9829888_207_A104V8NZIQFN2F,0,0.5097593199709474
10527395_0_A1CF6U3GF7DZEJ,1,0.5078655142495854
9944695_431_APW9F8OTJ4KXO,1,0.5298446313888505
3651071_0_A1DJNUJZN8FE7N,1,0.5026531068516087
4062443_409_A34QZDSTKZ3JO9,1,0.5285147121204887
11970354_200_A34QZDSTKZ3JO9,0,0.535786260580832
6066271_10_A3GNQDFPZALU92,1,0.502537761154747
12536410_143_A2QVMCGDLTWV9,0,0.5391742611765726
11894913_488_A1DJNUJZN8FE7N,0,0.5024577685552485
8828406_0_A3C9GGDXBZW62D,0,0.5253837413442548
10527395_0_A1I4CYG5YDFTYM,0,0.5094454872525267
4969447_260_A34QZDSTKZ3JO9,0,0.5093282327694129
7327906_793_APW9F8OTJ4KXO,0,0.5083593766607863
11891193_127_A34QZDSTKZ3JO9,0,0.51578761285176
13068403_151_A1DJNUJZN8FE7N,0,0.5086269458359806
13316560_357_A2JKETV64OU7DY,1,0.5052305711958679
5395087_0_A1DJNUJZN8FE7N,0,0.5057942956407068
7385804_218_A34QZDSTKZ3JO9,1,0.5186200011788651
9841537_25_A34QZDSTKZ3JO9,0,0.5089145986178896
5612405_265_A1CF6U3GF7DZEJ,1,0.5059255196365275
7230457_951_APW9F8OTJ4KXO,0,0.5038089525231255
4371398_686_A1LZPWVZRTUZD0,0,0.5183020673958563
4839122_716_AE861G0AY5RGT,1,0.5040484001847507
2880029_0_A247LJDZOGXJK6,0,0.5032616790555422
6890090_0_AE861G0AY5RGT,1,0.5140506027098812
11893023_269_A3GNQDFPZALU92,1,0.5024228311559317
8390305_345_A1HKYY6XI2OHO1,1,0.5123082307627437
11653691_291_AE861G0AY5RGT,0,0.5150589651473589
6897586_0_A34QZDSTKZ3JO9,0,0.5126459656142893
10344127_538_AE861G0AY5RGT,0,0.502124264231986
11896947_661_A1I4CYG5YDFTYM,1,0.5136384976258733
9045292_110_A1I4CYG5YDFTYM,1,0.5018127640478502
7951790_153_A1CF6U3GF7DZEJ,1,0.5048827846396224
4062079_356_A3TKD7EJ6BM0M5,1,0.543119206961883
12012725_373_A34QZDSTKZ3JO9,1,0.5249451066204062
6893308_37_AE861G0AY5RGT,1,0.533019234262477
11448878_687_APW9F8OTJ4KXO,0,0.5234603283519483
11403606_72_A1CF6U3GF7DZEJ,1,0.5239314667841881
13081146_0_A1I4CYG5YDFTYM,0,0.5059579555194373
2701458_582_A138BU1VWM2RKN,1,0.5181035088175532
11891604_674_A1I4CYG5YDFTYM,1,0.5122643601414847
3231965_291_A2QVMCGDLTWV9,0,0.521845311449561
6212507_226_A2QVMCGDLTWV9,1,0.5070205523643962
7192051_342_A1I4CYG5YDFTYM,0,0.5011591532899435
7948878_0_A34QZDSTKZ3JO9,0,0.5275903709606743
7441792_159_AE861G0AY5RGT,0,0.5344557155773211
5518992_134_A3TKD7EJ6BM0M5,1,0.517423108765487
2654957_283_A1CF6U3GF7DZEJ,1,0.5129941025753316
5612405_265_A3TKD7EJ6BM0M5,0,0.5481785636949036
7237604_435_A34QZDSTKZ3JO9,1,0.5046395107260979
2876711_397_A1I4CYG5YDFTYM,0,0.518515294469355
7644790_273_A3TKD7EJ6BM0M5,0,0.5076100324762975
7952064_385_A34QZDSTKZ3JO9,1,0.5357089689401576
13068403_151_AYFOAD75CRBKE,1,0.5182203066790576
3639835_338_A34QZDSTKZ3JO9,0,0.5096866606819204
9306087_837_A104V8NZIQFN2F,0,0.5459541603556277
10226758_89_A34QZDSTKZ3JO9,1,0.530535760666434
7228812_179_A3GNQDFPZALU92,1,0.5102106725014336
13321356_0_A3GNQDFPZALU92,0,0.5600540237299128
3125279_227_A1DJNUJZN8FE7N,1,0.5237827254263421
13237789_21_A1DJNUJZN8FE7N,0,0.5189087928372906
4970171_352_APW9F8OTJ4KXO,0,0.5200544417367858
12649273_121_A34QZDSTKZ3JO9,1,0.502573746952135
8385486_0_AE861G0AY5RGT,0,0.5024502013888456
9306087_528_A3TKD7EJ6BM0M5,0,0.5235932442027424
7948914_704_A1CF6U3GF7DZEJ,1,0.5088950543834594
6953350_0_A1DJNUJZN8FE7N,1,0.5068499156402099
9832599_0_A1I4CYG5YDFTYM,0,0.5024400476114719
9043990_0_A2D7S8Y2FAUWMC,1,0.5029636818831038
10095919_370_A1I4CYG5YDFTYM,0,0.5153857653327985
4425625_274_A247LJDZOGXJK6,0,0.5252348888971521
6042475_741_A2OZTBCBOCHF9E,0,0.5475886173387754
6102751_193_A1LZPWVZRTUZD0,0,0.5094319245045664
11892792_20_A1I4CYG5YDFTYM,0,0.5031731571075589
9944889_71_A3TKD7EJ6BM0M5,0,0.5427740876950455
7441792_159_A1DJNUJZN8FE7N,0,0.5089407265584851
12631449_628_A1LZPWVZRTUZD0,0,0.510903376884462
6537714_175_AE861G0AY5RGT,1,0.5339659364457962
7057234_301_A1DJNUJZN8FE7N,0,0.5075145710916584
11965227_789_A104V8NZIQFN2F,1,0.5239076278349586
2699384_0_A34QZDSTKZ3JO9,1,0.5244152179104195
6953387_0_A1HKYY6XI2OHO1,1,0.5025230567420423
4964300_0_A104V8NZIQFN2F,1,0.5068469823558672
5612280_615_A3GNQDFPZALU92,0,0.5173733249257456
13039830_289_A247LJDZOGXJK6,0,0.5105444213624796
4389032_79_A1DJNUJZN8FE7N,1,0.5127594881743215
2565365_0_A1DJNUJZN8FE7N,1,0.5002844416242559
11652915_304_A104V8NZIQFN2F,0,0.5670695576824074
4389032_79_A34QZDSTKZ3JO9,0,0.5003288921582528
10526193_653_AE861G0AY5RGT,1,0.5
6022867_778_AE861G0AY5RGT,0,0.5294672952029726
6209268_513_A2QVMCGDLTWV9,1,0.5240734105922231
9312264_156_A247LJDZOGXJK6,1,0.5120244271750274
10226758_0_A2GHGJP29KRWOQ,1,0.5037558412961982
8834740_580_A1I4CYG5YDFTYM,1,0.5049839435416337
2699780_0_AE861G0AY5RGT,1,0.5023687351924526
11520908_55_APW9F8OTJ4KXO,0,0.5057841087205195
5449342_0_A34QZDSTKZ3JO9,0,0.5162972692942867
12536410_1025_A34QZDSTKZ3JO9,1,0.5135928527003697
4581165_101_A34QZDSTKZ3JO9,1,0.5265088773836294
8470645_137_APW9F8OTJ4KXO,1,0.5183889599879462
6006832_105_A1I4CYG5YDFTYM,1,0.5212265956046027
9853997_193_A8GWYS9O8FUEK,0,0.5270151049936046
4966940_0_AE861G0AY5RGT,0,0.5028339474627432
10752636_0_A1CF6U3GF7DZEJ,1,0.5121445262778204
5490554_85_A34QZDSTKZ3JO9,1,0.5227629446648614
5483718_477_A1OYYWJ2B7OQTD,1,0.5183980006957094
6212698_362_A1CF6U3GF7DZEJ,0,0.5096901714671466
7951380_271_A104V8NZIQFN2F,1,0.5325611950135001
12408877_279_A1CF6U3GF7DZEJ,1,0.5266847958062006
13040340_0_AYFOAD75CRBKE,1,0.5064899782799194
6516554_690_A34QZDSTKZ3JO9,0,0.5151691780943098
4441037_436_APW9F8OTJ4KXO,0,0.5134926293263293
13557962_5_A104V8NZIQFN2F,0,0.559667999068811
2655810_227_A2QVMCGDLTWV9,0,0.5010256404369747
6891432_76_A3TKD7EJ6BM0M5,0,0.517505852811318
5357182_129_A34QZDSTKZ3JO9,0,0.51715275071404
10338783_127_A2GHGJP29KRWOQ,0,0.5286682498719584
7528221_507_A1CF6U3GF7DZEJ,0,0.560627445721827
6022867_778_A1CF6U3GF7DZEJ,1,0.5380276475054393
5360372_89_A1HKYY6XI2OHO1,0,0.5112890555888127
13039956_0_A104V8NZIQFN2F,0,0.5137049595243288
13273414_0_A1CF6U3GF7DZEJ,0,0.5237713385794357
3123867_109_A1I4CYG5YDFTYM,0,0.501836967057178
11404549_402_A1LZPWVZRTUZD0,1,0.5048413856619588
11410953_108_A2GHGJP29KRWOQ,0,0.545659025000256
9846734_338_A1I4CYG5YDFTYM,1,0.5070139728070908
6537714_175_A247LJDZOGXJK6,1,0.5017609762452127
6814608_283_AA7ASGQEOMKEZ,0,0.5539131127885812
12412641_198_A34QZDSTKZ3JO9,0,0.5291759890215529
6042475_234_A2GHGJP29KRWOQ,1,0.5250815126962505
5382541_98_A1I4CYG5YDFTYM,0,0.5309762353239237
2699604_345_AE861G0AY5RGT,1,0.5143741679137063
8370267_677_A104V8NZIQFN2F,0,0.5811505123493157
10095919_605_A3GNQDFPZALU92,1,0.5251516012189572
7952465_337_A1I4CYG5YDFTYM,1,0.5078009782534074
3651071_0_A1I4CYG5YDFTYM,0,0.5031891697504502
3649706_974_A34QZDSTKZ3JO9,0,0.5135637750660552
7638928_211_A2G30CUMM6UXG5,1,0.5227331118891152
4425625_19_A1DJNUJZN8FE7N,1,0.5187837398550914
5483718_477_AE861G0AY5RGT,1,0.512736619832089
11405532_601_AE861G0AY5RGT,0,0.5807593452705352
6622253_637_AE861G0AY5RGT,0,0.5592150345133828
2701458_582_A34QZDSTKZ3JO9,1,0.503058540056257
2699604_696_A34QZDSTKZ3JO9,1,0.5141681463109044
8835812_0_A34QZDSTKZ3JO9,0,0.5027986835414602
13652278_0_A1DJNUJZN8FE7N,0,0.5009816087347814
6812570_454_AE861G0AY5RGT,1,0.507914170154708
11894812_0_A1I4CYG5YDFTYM,1,0.5170242499727256
6861302_449_A1LZPWVZRTUZD0,0,0.5194089428878068
6103367_0_A1CF6U3GF7DZEJ,1,0.517965098577149
6003165_166_APW9F8OTJ4KXO,0,0.5458335366425955
9952772_729_A2OZTBCBOCHF9E,0,0.5093873476028301
12631076_0_A1I4CYG5YDFTYM,1,0.5016657993285278
12631449_628_A34QZDSTKZ3JO9,1,0.5160336092525226
9859903_582_A3PILUAB7LZGWQ,0,0.5139737558583533
9853997_193_A2QVMCGDLTWV9,1,0.5053386236128952
5613090_326_A1I4CYG5YDFTYM,0,0.5467628365740143
6040313_62_AE861G0AY5RGT,1,0.5014841726798593
4367468_215_APW9F8OTJ4KXO,1,0.5049574857368276
11163402_167_A34QZDSTKZ3JO9,0,0.5278520960452717
2263627_87_A1CF6U3GF7DZEJ,0,0.5541571644917325
6102751_110_A2OZTBCBOCHF9E,1,0.5013000014647406
11965227_391_A1CF6U3GF7DZEJ,1,0.5637035691763522
7093361_751_A247LJDZOGXJK6,0,0.5150647959246375
13038883_345_A1Z6F664MYBMVI,0,0.5082433598519036
7951380_271_A2GHGJP29KRWOQ,1,0.5059613098594419
13725505_126_A34QZDSTKZ3JO9,0,0.5050532363899942
7097300_432_A1CF6U3GF7DZEJ,1,0.5053775211840464
3124932_0_AYFOAD75CRBKE,1,0.5182180742773103
12015274_343_A1CF6U3GF7DZEJ,1,0.5328910012812915
13657334_547_A3TKD7EJ6BM0M5,1,0.5266816677165207
6017135_226_APW9F8OTJ4KXO,1,0.5143726460677182
5356141_153_A34QZDSTKZ3JO9,1,0.5274786245880406
3235190_166_A2QVMCGDLTWV9,1,0.5814625008303054
6022328_10_A34QZDSTKZ3JO9,0,0.5092611740528692
7948878_96_A1I4CYG5YDFTYM,0,0.5248560520745293
3649706_204_A104V8NZIQFN2F,1,0.5115293884098882
9953236_117_A104V8NZIQFN2F,0,0.5333748373953251
5382541_184_AE861G0AY5RGT,0,0.5239912118930747
6620360_299_AA7ASGQEOMKEZ,1,0.5270531998255517
12099899_0_A1HKYY6XI2OHO1,1,0.5050112677993617
4370444_0_A34QZDSTKZ3JO9,1,0.5024357852730754
12534617_179_A2G30CUMM6UXG5,1,0.5
8831613_0_A1DJNUJZN8FE7N,0,0.5014140409739032
6898911_142_A34QZDSTKZ3JO9,1,0.5380795258357329
9182493_709_A1CF6U3GF7DZEJ,1,0.521305685623026
11163402_404_A3TKD7EJ6BM0M5,1,0.5332620392167114
3649694_0_A104V8NZIQFN2F,1,0.527196892099923
8833999_200_A34QZDSTKZ3JO9,0,0.527612306630922
9944695_431_A1I4CYG5YDFTYM,1,0.5201712060667352
4803078_343_A247LJDZOGXJK6,1,0.5117024793753708
2655159_153_A104V8NZIQFN2F,0,0.5333465738730558
2655497_381_APW9F8OTJ4KXO,1,0.5050084277093936
9043990_0_A1CF6U3GF7DZEJ,1,0.5142416239379524
11968452_189_A3GNQDFPZALU92,0,0.5023272044692593
6037518_387_A3CPPBPJ602FG1,0,0.523771595859014
4838707_119_A104V8NZIQFN2F,1,0.5395356806068162
8840022_174_A3GNQDFPZALU92,0,0.5199456994545393
11408807_126_A104V8NZIQFN2F,1,0.50662189613194
10340252_358_AE861G0AY5RGT,0,0.5091900617907081
9556491_349_A2QVMCGDLTWV9,0,0.5273955741064174
6949697_298_A3GNQDFPZALU92,0,0.5046602975926284
9565783_0_A1CF6U3GF7DZEJ,1,0.5025320892097188
10228010_74_A1I4CYG5YDFTYM,1,0.5264573964892181
5447530_752_A3PILUAB7LZGWQ,1,0.5024581473676855
11970354_282_A2GHGJP29KRWOQ,1,0.5100240360521355
3282462_247_A34QZDSTKZ3JO9,1,0.5398141215016865
5476726_459_A104V8NZIQFN2F,1,0.5239312209891671
8828991_217_A34QZDSTKZ3JO9,0,0.5074354981406437
6016899_0_AE861G0AY5RGT,1,0.521369634788357
12005807_119_A34QZDSTKZ3JO9,0,0.5225115449868871
5476726_459_A3GNQDFPZALU92,1,0.5604699843834539
11404377_158_A247LJDZOGXJK6,0,0.5647039691415325
11894913_633_A1HKYY6XI2OHO1,0,0.5351414871207748
7093338_0_A1HKYY6XI2OHO1,0,0.5151870667678118
13319707_476_A34QZDSTKZ3JO9,0,0.5277331761231691
6539424_272_A34QZDSTKZ3JO9,0,0.5124852667431485
3122593_214_A1DJNUJZN8FE7N,0,0.5408038905635428
7237604_435_A1HKYY6XI2OHO1,1,0.5160968019874476
3171678_0_A1DJNUJZN8FE7N,1,0.5102249599148226
5354126_0_A1CF6U3GF7DZEJ,1,0.5054207954598913
11403407_23_A104V8NZIQFN2F,0,0.5101689053673866
10228010_216_AE861G0AY5RGT,0,0.5164314771543383
7096784_0_A3TKD7EJ6BM0M5,1,0.5052163447853563
6099616_0_A1CF6U3GF7DZEJ,1,0.5058164745003548
9421189_473_A104V8NZIQFN2F,0,0.5002478590956918
3647761_443_APW9F8OTJ4KXO,0,0.515259064131735
6017246_652_A1CF6U3GF7DZEJ,1,0.5070022232773395
6892705_686_AJNQ2PBD07FKE,0,0.5169854084545682
12100570_124_A138BU1VWM2RKN,1,0.50887314946678
2699263_158_AA7ASGQEOMKEZ,1,0.5191901265740738
13320024_249_A34QZDSTKZ3JO9,0,0.5121835672841046
11417696_0_A247LJDZOGXJK6,0,0.5100034423086102
9305668_357_A34QZDSTKZ3JO9,1,0.5380668947574074
4966919_863_A3TKD7EJ6BM0M5,0,0.5129118540907662
6816976_108_APW9F8OTJ4KXO,1,0.5034486832372345
9308366_0_AYFOAD75CRBKE,0,0.5032259857022988
12727262_0_A34QZDSTKZ3JO9,1,0.5167514648076471
5360372_89_A34QZDSTKZ3JO9,1,0.5000293300795141
7010246_188_A1HKYY6XI2OHO1,0,0.5185851176198142
5615055_0_A2QVMCGDLTWV9,1,0.6529543383711982
9975147_345_A138BU1VWM2RKN,1,0.5265964986001193
2655497_381_A1I4CYG5YDFTYM,0,0.5263199453813143
3125041_388_AE861G0AY5RGT,1,0.5424685147737874
12004909_78_A104V8NZIQFN2F,1,0.517792989643018
6024130_356_A34QZDSTKZ3JO9,1,0.519770893502342
4427401_711_AE861G0AY5RGT,1,0.5054002214076777
8692446_231_A3GNQDFPZALU92,0,0.5154406130519547
2323205_193_A1HKYY6XI2OHO1,0,0.5013581403677976
8841921_0_A3TKD7EJ6BM0M5,0,0.5154365807697341
12014627_104_A104V8NZIQFN2F,1,0.5728698253621083
2698806_141_A1I4CYG5YDFTYM,1,0.5133174142965815
6032130_279_AYFOAD75CRBKE,1,0.5356925044633893
6947879_98_AYFOAD75CRBKE,1,0.5152597113749984
11540283_213_A34QZDSTKZ3JO9,0,0.5631430604807508
13563613_293_A1I4CYG5YDFTYM,0,0.5007864354097318
2699104_481_A1FBBY2JJYRMRI,0,0.523961689825629
11408162_382_APW9F8OTJ4KXO,1,0.5020979074894387
11523833_166_A1CF6U3GF7DZEJ,0,0.5114236750885933
7057234_301_A1I4CYG5YDFTYM,1,0.5055391629833019
8835695_451_A34QZDSTKZ3JO9,0,0.5268301445166008
9306087_441_A1HKYY6XI2OHO1,1,0.5386641973555016
2700862_407_AE861G0AY5RGT,0,0.5164096957347697
3639835_338_AA7ASGQEOMKEZ,1,0.5301041419120646
2326100_179_A1I4CYG5YDFTYM,1,0.5063971061920808
11163402_167_A1DJNUJZN8FE7N,0,0.5256031258616065
2698806_141_A1HKYY6XI2OHO1,1,0.5047934389774067
7956728_349_A1I4CYG5YDFTYM,1,0.5090198589435231
13657334_0_A104V8NZIQFN2F,0,0.5322917410247261
7950969_0_A1LZPWVZRTUZD0,1,0.5045154369209641
6006832_47_A34QZDSTKZ3JO9,1,0.5012328172234678
9047310_65_A247LJDZOGXJK6,1,0.5014487259418401
9848910_0_A1DJNUJZN8FE7N,0,0.559962476004134
2261238_0_A1I4CYG5YDFTYM,1,0.5224807401011872
5445948_346_A2QVMCGDLTWV9,0,0.5218028275699208
6953351_131_A104V8NZIQFN2F,0,0.5031723307197795
5449542_0_A34QZDSTKZ3JO9,1,0.5054663108795465
9311766_52_A2G30CUMM6UXG5,1,0.5644958147877895
13038883_165_A3C9GGDXBZW62D,1,0.5077907153749333
6131389_93_A1CF6U3GF7DZEJ,0,0.538753710930254
11163402_303_A2OZTBCBOCHF9E,1,0.5710640445258643
2699711_361_AE861G0AY5RGT,1,0.5258701868381139
5378052_185_A34QZDSTKZ3JO9,1,0.5001620735005614
5350361_272_A104V8NZIQFN2F,0,0.5233229918439579
8828991_217_A3TKD7EJ6BM0M5,1,0.5011282003027864
9950396_0_A1I4CYG5YDFTYM,1,0.5229080359762598
5518992_364_A1CF6U3GF7DZEJ,1,0.5210484525817716
12016993_732_AYFOAD75CRBKE,0,0.5096082441232418
12010736_0_AE861G0AY5RGT,0,0.5273797003728089
7951620_0_APW9F8OTJ4KXO,0,0.522293981900108
7327906_793_A3PILUAB7LZGWQ,0,0.528749171200029
9561738_375_A34QZDSTKZ3JO9,1,0.5070235164203304
9952772_729_A3TKD7EJ6BM0M5,1,0.5437774707607681
3173925_242_A1I4CYG5YDFTYM,1,0.5114244322445753
11650201_63_A104V8NZIQFN2F,0,0.5039324858727137
3234363_899_A1CF6U3GF7DZEJ,0,0.5023722754243491
5907773_300_A34QZDSTKZ3JO9,0,0.5118648474528298
9952573_220_A1DJNUJZN8FE7N,1,0.5003587074771962
9043593_0_A104V8NZIQFN2F,1,0.512579638884755
9846734_289_AE861G0AY5RGT,0,0.5071044090344137
9863387_192_A1HKYY6XI2OHO1,1,0.509020203594803
5477994_372_A1HKYY6XI2OHO1,1,0.5660627639194399
7952666_625_A3PILUAB7LZGWQ,1,0.502911891496077
11320634_0_A34QZDSTKZ3JO9,1,0.5238012017485717
4425815_162_A34QZDSTKZ3JO9,1,0.5056693618676602
3235492_212_A1I4CYG5YDFTYM,0,0.5170802939636185
2326100_179_A1DJNUJZN8FE7N,1,0.51303887144752
11891193_261_A1CF6U3GF7DZEJ,0,0.5005281874941254
5611072_158_A104V8NZIQFN2F,1,0.5361872127099965
4842409_143_A1I4CYG5YDFTYM,1,0.5097885575022442
9557758_243_A1DJNUJZN8FE7N,1,0.5005257309502098
5382541_98_AE861G0AY5RGT,1,0.5164546409422429
7951790_153_A1I4CYG5YDFTYM,0,0.5113111066580991
9944713_82_A34QZDSTKZ3JO9,1,0.5032211218029105
6812058_695_A1Z6F664MYBMVI,0,0.5755918666957691
7528221_101_AE861G0AY5RGT,0,0.5245146797850784
7979843_984_A1I4CYG5YDFTYM,1,0.5006967179788131
7441792_159_A34QZDSTKZ3JO9,1,0.501090412752105
7952465_337_AE861G0AY5RGT,1,0.5155666079712917
12404722_129_A34QZDSTKZ3JO9,1,0.5044639852801502
5358339_27_A1DJNUJZN8FE7N,1,0.5321311270930016
9950813_449_A1I4CYG5YDFTYM,1,0.5062426520072749
10948971_587_A104V8NZIQFN2F,1,0.5227251046180956
7979843_984_A1CF6U3GF7DZEJ,0,0.5228786229803248
6022328_510_A104V8NZIQFN2F,1,0.5037697836504242
13039830_179_A1CF6U3GF7DZEJ,0,0.5095050017956845
4062498_730_A34QZDSTKZ3JO9,0,0.5238433721838649
10095324_0_AE861G0AY5RGT,0,0.5269096068677661
2340838_291_A2GHGJP29KRWOQ,1,0.5378586747618661
2876850_76_AE861G0AY5RGT,1,0.5061859312961137
6812570_102_A1I4CYG5YDFTYM,1,0.5141173380785417
3651071_117_APW9F8OTJ4KXO,1,0.5063798536452817
11179191_628_A1HKYY6XI2OHO1,0,0.529127503209637
11968452_94_A34QZDSTKZ3JO9,1,0.5179644621441654
5382541_98_A104V8NZIQFN2F,0,0.5151807187099422
9859903_0_A1I4CYG5YDFTYM,0,0.5210623455784285
3176054_0_A2JKETV64OU7DY,0,0.5197991317751788
12628825_223_APW9F8OTJ4KXO,1,0.5138026608254607
4845332_217_AE861G0AY5RGT,0,0.5149352995755956
12118061_0_A1I4CYG5YDFTYM,1,0.5217072342618891
7638928_211_A1HKYY6XI2OHO1,0,0.5014974646919375
8385921_17_A3PILUAB7LZGWQ,1,0.5015948834674642
7367053_312_A1HKYY6XI2OHO1,1,0.5172761249337481
12070390_173_A1HKYY6XI2OHO1,0,0.5438271004724582
5476726_459_A1CF6U3GF7DZEJ,1,0.5234413107032999
2701138_335_A3TKD7EJ6BM0M5,0,0.5088823285337148
11404235_0_A1DJNUJZN8FE7N,1,0.5105700164074842
5374084_199_A34QZDSTKZ3JO9,1,0.5089496285055004
11540283_291_A2QVMCGDLTWV9,1,0.5292557536660744
9419257_447_APW9F8OTJ4KXO,0,0.5884271381622701
5477994_372_AYFOAD75CRBKE,1,0.5745591157968887
7073280_263_A2D7S8Y2FAUWMC,0,0.5005165798260232
9953236_359_A2JKETV64OU7DY,1,0.5068798822968916
2699384_191_A34QZDSTKZ3JO9,0,0.5186935565080072
6028049_248_A1CF6U3GF7DZEJ,1,0.5207241319291291
7447002_600_A1I4CYG5YDFTYM,1,0.516779152637973
11891604_674_A1LZPWVZRTUZD0,0,0.500365078452487
3176054_0_A2QVMCGDLTWV9,1,0.5236634902106411
6026123_88_AE861G0AY5RGT,0,0.5308454984857633
13657334_419_A3TKD7EJ6BM0M5,0,0.5327051805019367
2700703_505_A1CF6U3GF7DZEJ,0,0.5123772922567416
6861302_449_A104V8NZIQFN2F,1,0.510503214809405
11894812_0_A34QZDSTKZ3JO9,1,0.519674596989934
9417806_386_A104V8NZIQFN2F,0,0.5272421430908878
11411383_0_A104V8NZIQFN2F,0,0.5144371888750415
7097300_432_A1DJNUJZN8FE7N,1,0.5149189482813371
13556994_112_A34QZDSTKZ3JO9,0,0.5023824774599055
12536410_694_A2JKETV64OU7DY,0,0.5008018296331396
6950733_110_A1I4CYG5YDFTYM,1,0.5012544089574437
6896111_56_A1CF6U3GF7DZEJ,1,0.5065845779310836
3647761_443_A1CF6U3GF7DZEJ,1,0.5196985057458772
7950969_0_A2QVMCGDLTWV9,1,0.536836791998194
2272145_300_A34QZDSTKZ3JO9,0,0.5073140904394772
6129077_486_A34QZDSTKZ3JO9,0,0.5155205942772355
10224439_333_A1I4CYG5YDFTYM,0,0.5034304791612811
7957857_673_A2OZTBCBOCHF9E,0,0.5075793677005314
11541348_56_A1OYYWJ2B7OQTD,1,0.5256106331616264
12412641_322_A1I4CYG5YDFTYM,0,0.5554744098832582
3526042_87_A1CF6U3GF7DZEJ,0,0.5000789651765704
11896947_661_A34QZDSTKZ3JO9,1,0.5
9308366_232_A1I4CYG5YDFTYM,1,0.5170375215044262
6102751_110_AE861G0AY5RGT,0,0.5187463857517816
7952992_715_A2QVMCGDLTWV9,0,0.5006937439138475
6893364_66_A34QZDSTKZ3JO9,0,0.5133601572378923
12538747_447_A3TKD7EJ6BM0M5,0,0.5221729630500661
6951801_0_A34QZDSTKZ3JO9,1,0.5197385474003287
12004909_78_A1LZPWVZRTUZD0,1,0.5005853230787449
7234455_763_A1DJNUJZN8FE7N,1,0.5073504013825129
7955845_189_AE861G0AY5RGT,0,0.5181017069181948
8370267_677_A34QZDSTKZ3JO9,1,0.5110847850566806
7951790_153_A2JKETV64OU7DY,1,0.5285791335959484
13657334_547_A34QZDSTKZ3JO9,1,0.5782738284724681
2338618_976_A247LJDZOGXJK6,1,0.569742338132355
8837139_0_A247LJDZOGXJK6,1,0.5124968617777506
3637150_0_A1DJNUJZN8FE7N,1,0.5359551752499105
11541348_56_A34QZDSTKZ3JO9,1,0.5349455735437977
11320634_387_AE861G0AY5RGT,0,0.5243133337055178
3124932_109_A3PILUAB7LZGWQ,1,0.5035941869811632
5654207_0_AYFOAD75CRBKE,0,0.5140089445395254
5450307_708_A1DJNUJZN8FE7N,1,0.5386175367871282
6099856_67_A1I4CYG5YDFTYM,0,0.5109440393046077
6898911_142_A1I4CYG5YDFTYM,1,0.5025252845837878
7951577_0_AJNQ2PBD07FKE,1,0.5223446007531083
12015274_65_A1CF6U3GF7DZEJ,0,0.5231399273765638
7952064_230_A1CF6U3GF7DZEJ,1,0.5062612984512439
7093338_0_A1DJNUJZN8FE7N,0,0.508835137465987
2854900_163_AE861G0AY5RGT,0,0.5210772784765659
6812058_668_A1CF6U3GF7DZEJ,1,0.509434477054059
7229971_124_A34QZDSTKZ3JO9,0,0.5022571769583606
5612280_924_A1CF6U3GF7DZEJ,0,0.5284015729654123
3122635_27_A3TKD7EJ6BM0M5,1,0.5170696262913079
6511026_202_AE861G0AY5RGT,0,0.5086252749341209
7956728_349_A1LZPWVZRTUZD0,1,0.5058654542110423
5448454_291_A104V8NZIQFN2F,0,0.5058127721148655
12404722_129_AE861G0AY5RGT,0,0.5204701511978439
9305215_307_A104V8NZIQFN2F,0,0.5188422063058151
3649694_0_A1HKYY6XI2OHO1,1,0.5151010492750484
6893308_37_A1DJNUJZN8FE7N,0,0.5011539537979695
9974255_0_A2GHGJP29KRWOQ,0,0.5094283257249024
9043990_308_A3TKD7EJ6BM0M5,1,0.5175586685881028
8386236_62_AE861G0AY5RGT,1,0.5081484941437231
3123005_530_APW9F8OTJ4KXO,0,0.5017714241067972
13319707_244_AE861G0AY5RGT,1,0.5122400051711296
8360040_330_A34QZDSTKZ3JO9,0,0.5212026348088045
5613711_180_A34QZDSTKZ3JO9,0,0.502402958795604
12631449_413_A34QZDSTKZ3JO9,0,0.5066148215659825
5365834_313_AE861G0AY5RGT,1,0.5142980658622114
3649631_140_A247LJDZOGXJK6,0,0.5032853424225159
9561738_375_A2GHGJP29KRWOQ,0,0.5017483589763067
8837139_0_A34QZDSTKZ3JO9,0,0.505375848235629
9952264_252_AJNQ2PBD07FKE,1,0.5429205998341415
4594455_0_A1HKYY6XI2OHO1,1,0.5028693163538351
5447530_253_A1CF6U3GF7DZEJ,0,0.5069156896422508
6207021_72_A1LZPWVZRTUZD0,0,0.5320558532326036
7644790_273_A247LJDZOGXJK6,0,0.5305570686725539
6039608_210_A1CF6U3GF7DZEJ,1,0.5163557276014659
2699711_361_A104V8NZIQFN2F,0,0.5159341906928325
9863414_511_A1CF6U3GF7DZEJ,1,0.5081790885647637
6003165_166_A104V8NZIQFN2F,0,0.5039869300123853
8835695_451_A1DJNUJZN8FE7N,0,0.5070594421055523
4371398_686_A1CF6U3GF7DZEJ,1,0.5342635023940505
12074325_327_A34QZDSTKZ3JO9,0,0.5167308976783465
2264611_65_AA7ASGQEOMKEZ,0,0.5338413962200425
4426679_112_A1CF6U3GF7DZEJ,0,0.5257648810006275
7528221_0_A1CF6U3GF7DZEJ,0,0.5097174520919441
7097300_277_AA7ASGQEOMKEZ,1,0.5009006307410937
7385804_218_A1DJNUJZN8FE7N,1,0.5098079547887586
6537087_558_AYFOAD75CRBKE,1,0.5045347940857899
10338469_9_A1CF6U3GF7DZEJ,1,0.5065725309878603
12013086_252_A3C9GGDXBZW62D,0,0.5051327570141299
6812570_102_A1CF6U3GF7DZEJ,1,0.5460014058268317
12770824_514_A1CF6U3GF7DZEJ,1,0.507911594806333
6017945_213_A1DJNUJZN8FE7N,1,0.5186442373402014
12017128_84_A104V8NZIQFN2F,0,0.5040821554924229
12770824_514_A3GNQDFPZALU92,0,0.5225587886316486
7952465_125_A34QZDSTKZ3JO9,1,0.5020997439279792
6212698_362_A104V8NZIQFN2F,0,0.5133758419872135
3649706_204_A3GNQDFPZALU92,0,0.5232447925951043
6953387_92_A1HKYY6XI2OHO1,1,0.5108748971327675
11968452_189_AE861G0AY5RGT,1,0.5157584163109614
6861302_86_A34QZDSTKZ3JO9,0,0.537094520064815
12014464_0_AYFOAD75CRBKE,0,0.501394289794522
9417806_0_A1LZPWVZRTUZD0,0,0.504544127616928
11653691_737_A5TI9UQEPLNWI,1,0.5059297023561413
13678921_0_AE861G0AY5RGT,0,0.5025187165579836
4373275_172_A2QVMCGDLTWV9,0,0.5290937728508129
4963738_276_A247LJDZOGXJK6,1,0.5313373173244614
10346152_389_A34QZDSTKZ3JO9,0,0.5230381981733843
9832599_442_A247LJDZOGXJK6,0,0.5140264045067362
7952064_0_A3TKD7EJ6BM0M5,1,0.5282153299408695
12012725_716_A1DJNUJZN8FE7N,0,0.5219981299539858
10098012_0_AB98SGS280TY5,1,0.5239775252199355
10228010_115_A104V8NZIQFN2F,0,0.5029044674390386
2326100_375_A104V8NZIQFN2F,1,0.5211647196999125
6207021_72_A34QZDSTKZ3JO9,1,0.5206284059452879
12631449_628_A104V8NZIQFN2F,1,0.5093360227090915
9833799_267_A34QZDSTKZ3JO9,0,0.5124649020281848
5477940_667_A34QZDSTKZ3JO9,1,0.5242544285584807
3125041_200_A34QZDSTKZ3JO9,1,0.5058619745955371
4063299_234_APW9F8OTJ4KXO,0,0.5051746517793055
4371131_519_AE861G0AY5RGT,1,0.5162488258876174
6951801_0_A1DJNUJZN8FE7N,1,0.5154548560248102
2657567_79_A2JKETV64OU7DY,0,0.5237138835558973
6040313_62_A34QZDSTKZ3JO9,0,0.5129395026493775
5518992_275_APW9F8OTJ4KXO,1,0.5214263848645715
3175089_0_A1LZPWVZRTUZD0,0,0.5030717388222048
11913541_655_A34QZDSTKZ3JO9,1,0.5273169573802908
3651071_0_A34QZDSTKZ3JO9,0,0.5028671383062164
3647415_356_A1CF6U3GF7DZEJ,1,0.5190124574271717
6816351_0_A1HKYY6XI2OHO1,1,0.5295240619095885
8470645_137_A34QZDSTKZ3JO9,1,0.5007552939626545
10224008_601_A1DJNUJZN8FE7N,0,0.5311855710222697
9952772_37_AA7ASGQEOMKEZ,1,0.5039574685948411
6102433_0_A1DJNUJZN8FE7N,1,0.5
9419257_447_A1N1T17XTPEEK5,1,0.5015515685723287
5358339_27_APW9F8OTJ4KXO,0,0.503584591642839
3235302_207_A3PILUAB7LZGWQ,1,0.5058241190985509
11417696_950_AA7ASGQEOMKEZ,0,0.5241751613891755
11917910_290_AE861G0AY5RGT,0,0.5037042035070671
6129077_395_AE861G0AY5RGT,0,0.5423869362510398
4969473_87_A34QZDSTKZ3JO9,1,0.5170067894878134
3647415_356_A1HKYY6XI2OHO1,0,0.5011218136712963
7957857_89_A1OYYWJ2B7OQTD,0,0.5291393982671548
11966497_38_A3TKD7EJ6BM0M5,0,0.5018358888692858
6097752_629_A104V8NZIQFN2F,1,0.5039703229814883
6039608_210_AA7ASGQEOMKEZ,0,0.5097602235616501
7952451_0_A2GHGJP29KRWOQ,0,0.5120688302991199
8829278_378_A1CF6U3GF7DZEJ,1,0.5
3235190_0_A1I4CYG5YDFTYM,0,0.5487634435367483
12009673_756_A1CF6U3GF7DZEJ,1,0.5061931491346174
3124932_109_A34QZDSTKZ3JO9,1,0.5002646062863199
6039744_0_A1I4CYG5YDFTYM,0,0.5001080594152505
12724989_0_A1DJNUJZN8FE7N,1,0.5179041950655254
11965482_783_A1LZPWVZRTUZD0,1,0.5152100978338223
10099242_220_AJNQ2PBD07FKE,0,0.5009739178791736
5477405_262_A3TKD7EJ6BM0M5,0,0.5036635357510637
6537714_58_A104V8NZIQFN2F,1,0.5174709940201845
11404549_402_A34QZDSTKZ3JO9,0,0.5238624964878738
10526193_653_A104V8NZIQFN2F,1,0.5364841655898014
13038883_57_A1CF6U3GF7DZEJ,0,0.5008326016618851
4425252_187_A247LJDZOGXJK6,0,0.501527392102792
5446784_129_APW9F8OTJ4KXO,0,0.5073275411479803
2564576_760_AB98SGS280TY5,0,0.5473757153702394
11968452_94_A1I4CYG5YDFTYM,0,0.5296661245088907
3171944_387_A247LJDZOGXJK6,0,0.512892322430689
2566415_0_A34QZDSTKZ3JO9,1,0.5012370135282898
13237789_21_A3C9GGDXBZW62D,0,0.5160978005122839
4801633_107_A1CF6U3GF7DZEJ,1,0.5092714247685106
8390396_127_A104V8NZIQFN2F,0,0.514937728217745
12015274_65_A34QZDSTKZ3JO9,1,0.5204473496703554
9045292_250_AE861G0AY5RGT,1,0.5130442632455712
9950813_10_A104V8NZIQFN2F,1,0.5095576642702805
2698446_334_A34QZDSTKZ3JO9,1,0.5181182760904992
6516554_584_A1HKYY6XI2OHO1,1,0.5318043637518917
6212065_290_A1HWI4N1RJGKYY,1,0.5192336787674767
7528221_0_A1DJNUJZN8FE7N,0,0.5322876326171322
10098012_0_A1CF6U3GF7DZEJ,1,0.544458610155653
4759333_109_A34QZDSTKZ3JO9,0,0.5057775243112808
12013086_330_AE861G0AY5RGT,1,0.5039438382865254
13316560_422_AE861G0AY5RGT,0,0.5044974917774079
11970354_282_AE861G0AY5RGT,1,0.5289742991890483
10100991_320_A104V8NZIQFN2F,0,0.5059701842584605
8385921_676_A1I4CYG5YDFTYM,0,0.5091916596705195
6897401_59_APW9F8OTJ4KXO,1,0.5011586733561189
7956728_349_A104V8NZIQFN2F,0,0.5010769727034363
6017246_534_A104V8NZIQFN2F,0,0.5348139349172722
6511026_804_A104V8NZIQFN2F,1,0.5049117854912701
7957857_89_A1CF6U3GF7DZEJ,0,0.5221788178903647
13557962_5_A1CF6U3GF7DZEJ,0,0.5198359545611025
6042475_741_A1J0GU26323WVA,0,0.5028055324981834
7952992_353_A1CF6U3GF7DZEJ,0,0.5065439409575216
2264611_618_A1CF6U3GF7DZEJ,1,0.522453476157003