10224439_92_A104V8NZIQFN2F,1,0.860217
10226499_137_A104V8NZIQFN2F,1,0.836915
10228010_115_A104V8NZIQFN2F,1,0.828713
10338783_127_A2GHGJP29KRWOQ,0,0.586784
10346152_389_A1I4CYG5YDFTYM,1,0.629823
10944652_774_A2QVMCGDLTWV9,1,0.85498
10951533_475_A34QZDSTKZ3JO9,1,0.974698
11163402_303_A2OZTBCBOCHF9E,1,0.73407
11163402_404_A3TKD7EJ6BM0M5,1,0.551193
11404235_186_AA7ASGQEOMKEZ,1,0.918092
11408807_126_A247LJDZOGXJK6,0,0.759197
11520908_520_AE861G0AY5RGT,0,0.788366
11520908_55_A34QZDSTKZ3JO9,1,0.646761
11540283_213_A34QZDSTKZ3JO9,0,0.500577
11541348_56_A1OYYWJ2B7OQTD,1,0.664106
11891193_331_A1CF6U3GF7DZEJ,1,0.603875
11900472_0_AE861G0AY5RGT,1,0.703931
11965227_391_A3TKD7EJ6BM0M5,1,0.593212
12010736_0_A34QZDSTKZ3JO9,0,0.640351
12012725_373_A1DJNUJZN8FE7N,1,0.640827
12012725_716_A1DJNUJZN8FE7N,0,0.573784
12013086_252_A34QZDSTKZ3JO9,0,0.536147
12015274_65_A34QZDSTKZ3JO9,0,0.775696
12017128_84_AB98SGS280TY5,1,0.798348
12418818_0_A1DJNUJZN8FE7N,0,0.553232
12631449_628_A1LZPWVZRTUZD0,0,0.945506
13320024_249_A104V8NZIQFN2F,1,0.827252
13652278_0_A34QZDSTKZ3JO9,0,0.935133
13657334_419_A3TKD7EJ6BM0M5,0,0.905482
2565476_386_A104V8NZIQFN2F,1,0.689381
2655810_227_A2QVMCGDLTWV9,0,0.659161
2655810_361_A2D7S8Y2FAUWMC,0,0.783021
2657567_79_A1V6JYTPVEMI7S,0,0.709096
2699528_384_A34QZDSTKZ3JO9,1,0.517676
2699604_345_A1CF6U3GF7DZEJ,0,0.556838
2699711_361_AE861G0AY5RGT,1,0.888266
2699780_0_AE861G0AY5RGT,1,0.657869
2700862_407_AE861G0AY5RGT,1,0.893601
3124932_109_A34QZDSTKZ3JO9,0,0.714718
3124932_109_A3PILUAB7LZGWQ,1,0.558703
3235190_0_A247LJDZOGXJK6,1,0.862349
3235190_0_A34QZDSTKZ3JO9,0,0.530711
3285182_252_A34QZDSTKZ3JO9,1,0.572946
3638806_0_A34QZDSTKZ3JO9,0,0.709976
3647761_443_A1CF6U3GF7DZEJ,1,0.855715
3647761_443_A34QZDSTKZ3JO9,0,0.831734
3649706_204_A104V8NZIQFN2F,0,0.858478
3651490_320_A104V8NZIQFN2F,1,0.637056
4060466_260_A34QZDSTKZ3JO9,1,0.923963
4062443_409_A1I4CYG5YDFTYM,0,0.64692
4367042_282_A1CF6U3GF7DZEJ,0,0.909427
4371398_686_A104V8NZIQFN2F,1,0.614789
4371398_686_A1CF6U3GF7DZEJ,1,0.798685
4425625_274_A34QZDSTKZ3JO9,1,0.895498
4583769_0_AE861G0AY5RGT,1,0.832891
4595363_428_A34QZDSTKZ3JO9,1,0.826374
4964300_22_A34QZDSTKZ3JO9,0,0.85033
4966940_0_AE861G0AY5RGT,1,0.61235
5356141_153_A1DJNUJZN8FE7N,0,0.98349
5378052_185_A1CF6U3GF7DZEJ,1,0.841488
5378052_185_A34QZDSTKZ3JO9,1,0.913285
5447986_372_A3C9GGDXBZW62D,1,0.508502
5448130_383_A104V8NZIQFN2F,1,0.578103
5476726_459_A104V8NZIQFN2F,0,0.637338
5477940_667_A34QZDSTKZ3JO9,1,0.670726
5518992_364_A1CF6U3GF7DZEJ,0,0.568372
5612224_338_A1CF6U3GF7DZEJ,1,0.77329
5612280_615_A3GNQDFPZALU92,1,0.694243
6032130_73_A34QZDSTKZ3JO9,1,0.906441
6039608_210_AA7ASGQEOMKEZ,0,0.898349
6039744_0_A1I4CYG5YDFTYM,0,0.525227
6066271_278_A1CF6U3GF7DZEJ,0,0.610157
6103657_46_A1DJNUJZN8FE7N,1,0.7712
6209268_513_A2QVMCGDLTWV9,1,0.880596
6812570_454_A1CF6U3GF7DZEJ,1,0.844729
6890090_180_A1CF6U3GF7DZEJ,1,0.83789
7049483_32_A3GNQDFPZALU92,1,0.591176
7057234_301_A1DJNUJZN8FE7N,0,0.925974
7093338_0_A1HKYY6XI2OHO1,0,0.818805
7096784_0_A3TKD7EJ6BM0M5,0,0.948236
7230457_951_A34QZDSTKZ3JO9,1,0.861185
7237604_435_A1HKYY6XI2OHO1,1,0.802732
7237604_435_A1I4CYG5YDFTYM,1,0.75372
7441792_159_A1DJNUJZN8FE7N,0,0.692456
7447002_600_AB98SGS280TY5,1,0.919907
7528221_0_A1HKYY6XI2OHO1,0,0.745563
7528221_507_A1CF6U3GF7DZEJ,0,0.97485
7528422_0_AA7ASGQEOMKEZ,0,0.797127
7545952_11_A1CF6U3GF7DZEJ,0,0.938067
7950969_0_A2QVMCGDLTWV9,0,0.809069
7951577_328_A1I4CYG5YDFTYM,1,0.750323
7952666_0_A34QZDSTKZ3JO9,1,0.928963
7952992_353_A1CF6U3GF7DZEJ,1,0.954976
7955845_0_A34QZDSTKZ3JO9,1,0.740281
7957857_89_A1OYYWJ2B7OQTD,1,0.710854
7968413_132_A1I4CYG5YDFTYM,1,0.605335
8385486_0_AE861G0AY5RGT,0,0.911478
8386236_62_AE861G0AY5RGT,0,0.505146
8389640_328_A247LJDZOGXJK6,0,0.563844
8390396_127_A104V8NZIQFN2F,0,0.649455
8828406_0_A1DJNUJZN8FE7N,0,0.61105
8828406_0_A3C9GGDXBZW62D,0,0.8816
8828991_217_A34QZDSTKZ3JO9,1,0.881693
8832426_496_A3C9GGDXBZW62D,1,0.846258
8837139_0_A247LJDZOGXJK6,0,0.899375
8839462_225_A1I4CYG5YDFTYM,0,0.583138
8840022_174_APW9F8OTJ4KXO,0,0.554621
8892337_0_A3C9GGDXBZW62D,1,0.838503
9305215_307_A104V8NZIQFN2F,0,0.724636
9305668_0_A1CF6U3GF7DZEJ,0,0.508125
9306087_837_A104V8NZIQFN2F,0,0.557879
9308366_232_A1I4CYG5YDFTYM,1,0.728484
9417917_321_A2JKETV64OU7DY,1,0.823031
9561738_375_A34QZDSTKZ3JO9,1,0.635595
9831390_15_A1CF6U3GF7DZEJ,0,0.584814
9832599_0_A1I4CYG5YDFTYM,1,0.642366
9841537_340_A34QZDSTKZ3JO9,1,0.952643
9853355_102_A24XBVPC9MYJVX,1,0.780859
9944713_0_A2G30CUMM6UXG5,0,0.800364
9950396_0_A1I4CYG5YDFTYM,1,0.819902
9953236_117_A34QZDSTKZ3JO9,1,0.877538
10099242_220_A104V8NZIQFN2F,0,0.945655
10100991_320_A34QZDSTKZ3JO9,0,0.885953
10226758_89_A34QZDSTKZ3JO9,1,0.905488
10338783_127_A34QZDSTKZ3JO9,1,0.760168
10396017_359_A1CF6U3GF7DZEJ,1,0.674025
10396017_407_A1CF6U3GF7DZEJ,0,0.778313
10752636_0_A1CF6U3GF7DZEJ,1,0.890183
10767327_380_A1DJNUJZN8FE7N,0,0.760465
11163402_167_A1N1T17XTPEEK5,0,0.518537
11403407_23_A104V8NZIQFN2F,1,0.854751
11404235_276_A3TKD7EJ6BM0M5,0,0.783359
11408927_175_A2GHGJP29KRWOQ,1,0.765479
11411383_0_A104V8NZIQFN2F,0,0.693977
11523833_166_A1I4CYG5YDFTYM,1,0.581978
11541348_56_A34QZDSTKZ3JO9,1,0.787484
11666716_0_A34QZDSTKZ3JO9,1,0.63993
11891193_261_A1CF6U3GF7DZEJ,0,0.528727
11965482_699_AE861G0AY5RGT,0,0.579271
11970354_200_A34QZDSTKZ3JO9,1,0.52917
12005807_119_A34QZDSTKZ3JO9,0,0.670466
12099899_0_A1HKYY6XI2OHO1,1,0.918428
12534617_60_A1HKYY6XI2OHO1,0,0.610285
12536410_143_A1I4CYG5YDFTYM,0,0.791765
12628825_223_APW9F8OTJ4KXO,1,0.719652
13081146_0_A1CF6U3GF7DZEJ,1,0.703301
13081146_0_A1DJNUJZN8FE7N,0,0.691071
13081146_0_A1I4CYG5YDFTYM,1,0.868225
13303812_159_A2GHGJP29KRWOQ,0,0.601904
13556994_112_A34QZDSTKZ3JO9,0,0.645076
13652278_0_APW9F8OTJ4KXO,0,0.706578
13653112_150_A1CF6U3GF7DZEJ,0,0.819359
13657334_547_A3TKD7EJ6BM0M5,1,0.869024
13659246_465_A104V8NZIQFN2F,0,0.770535
2264065_190_APW9F8OTJ4KXO,1,0.879405
2272145_300_A34QZDSTKZ3JO9,1,0.672918
2326100_179_A1I4CYG5YDFTYM,1,0.65509
2338618_976_A247LJDZOGXJK6,1,0.825955
2566415_0_AB98SGS280TY5,0,0.845274
2655497_381_A34QZDSTKZ3JO9,1,0.509624
2699384_191_A34QZDSTKZ3JO9,1,0.579525
2701138_335_A34QZDSTKZ3JO9,0,0.663387
3122593_214_A1DJNUJZN8FE7N,0,0.523478
3124188_719_AE861G0AY5RGT,0,0.527667
3124932_0_AYFOAD75CRBKE,1,0.525331
3125279_227_A1DJNUJZN8FE7N,1,0.890968
3127716_968_A1I4CYG5YDFTYM,0,0.540196
3172268_382_A1I4CYG5YDFTYM,1,0.762587
3234363_0_A1CF6U3GF7DZEJ,0,0.551571
3281388_291_A2GHGJP29KRWOQ,1,0.90091
3637150_168_A3TKD7EJ6BM0M5,1,0.683777
3649694_0_A104V8NZIQFN2F,1,0.796554
3649706_204_A3GNQDFPZALU92,1,0.636942
3651071_0_A1DJNUJZN8FE7N,0,0.756753
3651071_0_A1I4CYG5YDFTYM,0,0.635225
4373275_395_A34QZDSTKZ3JO9,1,0.892137
4425252_187_A247LJDZOGXJK6,0,0.531601
4592517_0_A3PILUAB7LZGWQ,1,0.724619
4594455_0_A3PILUAB7LZGWQ,0,0.886188
4842409_143_A1I4CYG5YDFTYM,1,0.821066
4859942_157_AA7ASGQEOMKEZ,0,0.546798
4963738_276_A1DJNUJZN8FE7N,1,0.762117
4964300_22_AE861G0AY5RGT,1,0.790388
4966919_863_A3TKD7EJ6BM0M5,1,0.914216
4969473_87_A34QZDSTKZ3JO9,1,0.956949
5356141_153_A34QZDSTKZ3JO9,1,0.772188
5358339_27_A2D7S8Y2FAUWMC,1,0.564606
5365834_313_AE861G0AY5RGT,1,0.641662
5373584_295_A3PILUAB7LZGWQ,1,0.859565
5374084_199_A34QZDSTKZ3JO9,1,0.963551
5447530_253_A1I4CYG5YDFTYM,0,0.836773
5447530_595_A1HKYY6XI2OHO1,0,0.840296
5449342_67_A1HKYY6XI2OHO1,0,0.736735
5449542_0_A104V8NZIQFN2F,0,0.570858
5476726_459_A3GNQDFPZALU92,0,0.689076
5611072_158_A104V8NZIQFN2F,0,0.697635
5611379_84_A34QZDSTKZ3JO9,1,0.671721
5612405_265_A1CF6U3GF7DZEJ,0,0.593915
5645380_0_A104V8NZIQFN2F,0,0.778013
6006832_105_A1I4CYG5YDFTYM,1,0.779001
6017945_213_A1DJNUJZN8FE7N,0,0.653681
6019509_344_A34QZDSTKZ3JO9,0,0.613849
6022328_510_A104V8NZIQFN2F,0,0.945992
6022867_778_AE861G0AY5RGT,0,0.723937
6032130_279_AYFOAD75CRBKE,1,0.950152
6037518_387_A1I4CYG5YDFTYM,0,0.5953
6102433_0_A1DJNUJZN8FE7N,1,0.553949
6104729_65_A3TKD7EJ6BM0M5,1,0.764776
6812058_695_A1Z6F664MYBMVI,0,0.893397
6861302_449_A1LZPWVZRTUZD0,0,0.582832
6898911_142_A34QZDSTKZ3JO9,1,0.528659
7097300_432_A1CF6U3GF7DZEJ,1,0.56375
7192051_342_A1I4CYG5YDFTYM,0,0.804387
7385804_218_A1DJNUJZN8FE7N,0,0.638224
7638928_211_A2G30CUMM6UXG5,1,0.563353
7948914_704_A1CF6U3GF7DZEJ,1,0.860807
7948914_704_AE861G0AY5RGT,1,0.623119
7951380_271_AHQ90UG2T3KNB,0,0.646665
7951527_444_AYFOAD75CRBKE,0,0.91225
7951577_0_AJNQ2PBD07FKE,1,0.656134
7952064_385_A34QZDSTKZ3JO9,1,0.94102
8370267_677_A104V8NZIQFN2F,0,0.802645
8385486_0_A1DJNUJZN8FE7N,1,0.835008
8385921_676_A1I4CYG5YDFTYM,0,0.823091
8828406_0_A2GHGJP29KRWOQ,1,0.787513
8828991_217_A2QVMCGDLTWV9,0,0.859814
9043593_0_A104V8NZIQFN2F,0,0.567938
9045292_250_AE861G0AY5RGT,1,0.766866
9047310_65_A247LJDZOGXJK6,0,0.520081
9308366_0_A1I4CYG5YDFTYM,0,0.804793
9417806_0_A1LZPWVZRTUZD0,0,0.827621
9557758_243_A1DJNUJZN8FE7N,0,0.678474
9832599_442_A1HKYY6XI2OHO1,0,0.500156
9846734_289_AE861G0AY5RGT,0,0.684504
9846734_338_A247LJDZOGXJK6,0,0.69211
9853997_193_A1CF6U3GF7DZEJ,0,0.772979
9859903_582_A34QZDSTKZ3JO9,0,0.834483
9944695_431_APW9F8OTJ4KXO,1,0.560868
9947157_261_A1CF6U3GF7DZEJ,1,0.611598
9950813_449_A1I4CYG5YDFTYM,1,0.931402
9952573_220_A1DJNUJZN8FE7N,1,0.959963
9971187_252_A1J0GU26323WVA,0,0.651121
10224439_333_APW9F8OTJ4KXO,1,0.914904
10344127_538_AE861G0AY5RGT,0,0.64761
10944652_774_A104V8NZIQFN2F,1,0.752143
10945584_337_A1I4CYG5YDFTYM,1,0.523161
11163128_8_AE861G0AY5RGT,0,0.813287
11163402_167_A1DJNUJZN8FE7N,1,0.522965
11163402_167_A34QZDSTKZ3JO9,0,0.857711
11404549_402_A34QZDSTKZ3JO9,0,0.503325
11408162_344_A1DJNUJZN8FE7N,1,0.755962
11410953_108_A1DJNUJZN8FE7N,0,0.66095
11410953_108_A2GHGJP29KRWOQ,0,0.697355
11520908_55_A1I4CYG5YDFTYM,0,0.565841
11540283_291_A2QVMCGDLTWV9,0,0.560747
11670926_107_A1DJNUJZN8FE7N,0,0.83481
11891193_127_A34QZDSTKZ3JO9,1,0.88202
11891604_674_A1I4CYG5YDFTYM,1,0.754866
11894812_0_A34QZDSTKZ3JO9,1,0.949208
11894913_488_AA7ASGQEOMKEZ,1,0.501742
11963803_459_A1I4CYG5YDFTYM,0,0.810002
11965227_391_A1CF6U3GF7DZEJ,1,0.936347
11966497_451_A247LJDZOGXJK6,1,0.766806
11968452_94_A34QZDSTKZ3JO9,1,0.912296
12002102_0_AD8UJKT5HYGNJ,0,0.649308
12013086_330_AE861G0AY5RGT,1,0.691787
12015274_343_A1CF6U3GF7DZEJ,0,0.598714
12118061_0_A1I4CYG5YDFTYM,1,0.792515
12404722_129_A1I4CYG5YDFTYM,0,0.699306
12535548_0_A34QZDSTKZ3JO9,1,0.887806
12536410_355_A34QZDSTKZ3JO9,0,0.607928
12631449_413_A34QZDSTKZ3JO9,0,0.806114
13038883_57_A1CF6U3GF7DZEJ,1,0.772056
13039956_0_A104V8NZIQFN2F,1,0.565001
13237789_116_A247LJDZOGXJK6,1,0.870896
13237789_21_A3C9GGDXBZW62D,0,0.714356
13238401_0_A1CF6U3GF7DZEJ,0,0.59808
2262077_390_A1CF6U3GF7DZEJ,0,0.543869
2263627_87_A1CF6U3GF7DZEJ,1,0.518705
2264964_161_A104V8NZIQFN2F,1,0.728227
2326100_375_A1CF6U3GF7DZEJ,1,0.588282
2340838_291_A2GHGJP29KRWOQ,0,0.672467
2699384_479_A34QZDSTKZ3JO9,0,0.656874
2699604_696_A34QZDSTKZ3JO9,0,0.822087
2699780_104_A34QZDSTKZ3JO9,0,0.651539
2700850_221_AJNQ2PBD07FKE,0,0.718952
2701458_582_A1LZPWVZRTUZD0,0,0.770068
3122635_27_A2QVMCGDLTWV9,0,0.680311
3122701_455_APW9F8OTJ4KXO,1,0.750054
3123005_530_APW9F8OTJ4KXO,1,0.588332
3125041_388_AE861G0AY5RGT,1,0.770475
3170953_334_A1I4CYG5YDFTYM,1,0.507036
3171678_0_AE861G0AY5RGT,0,0.67212
3188226_172_A2QVMCGDLTWV9,1,0.575938
3526042_87_A1CF6U3GF7DZEJ,0,0.585431
3639835_338_A3PILUAB7LZGWQ,1,0.677532
3647415_356_A1HKYY6XI2OHO1,0,0.647807
4264489_681_A247LJDZOGXJK6,0,0.754182
4367203_79_A2GHGJP29KRWOQ,0,0.600174
4373275_172_A1HKYY6XI2OHO1,1,0.638883
4964300_0_A104V8NZIQFN2F,1,0.855471
4964300_0_A1HKYY6XI2OHO1,1,0.792468
5358339_27_A1DJNUJZN8FE7N,1,0.611808
5445924_630_A2JKETV64OU7DY,0,0.523074
5447530_253_A1CF6U3GF7DZEJ,0,0.934706
5448130_383_AB98SGS280TY5,0,0.939276
5611379_84_A247LJDZOGXJK6,1,0.765331
5615055_0_A2QVMCGDLTWV9,1,0.821816
6017135_226_A1I4CYG5YDFTYM,0,0.753472
6017246_652_A1CF6U3GF7DZEJ,1,0.726468
6022867_778_A1CF6U3GF7DZEJ,1,0.56961
6025796_445_A1HKYY6XI2OHO1,0,0.653441
6037743_326_A1OYYWJ2B7OQTD,1,0.842966
6039608_210_A1CF6U3GF7DZEJ,0,0.898697
6212065_290_A1HWI4N1RJGKYY,0,0.602248
6335460_399_A2QVMCGDLTWV9,0,0.577163
6537714_175_A247LJDZOGXJK6,0,0.52159
6539424_272_A34QZDSTKZ3JO9,1,0.526825
6540450_0_A104V8NZIQFN2F,0,0.59769
6949697_298_A3GNQDFPZALU92,1,0.594905
6950733_110_A1I4CYG5YDFTYM,1,0.583134
6951801_0_A1DJNUJZN8FE7N,1,0.928916
6953351_131_AA7ASGQEOMKEZ,1,0.537813
6953387_0_A1HKYY6XI2OHO1,1,0.681592
6953387_92_A1DJNUJZN8FE7N,1,0.892463
6954381_147_A3TKD7EJ6BM0M5,1,0.671408
6995121_203_AE861G0AY5RGT,0,0.648765
7049483_32_AE861G0AY5RGT,0,0.543516
7093338_0_A1DJNUJZN8FE7N,1,0.648085
7097300_432_A1DJNUJZN8FE7N,0,0.81699
7230457_951_APW9F8OTJ4KXO,1,0.92838
7327906_793_APW9F8OTJ4KXO,0,0.833411
7367053_312_A1HKYY6XI2OHO1,0,0.713993
7644790_273_A247LJDZOGXJK6,0,0.78729
7644790_273_A3TKD7EJ6BM0M5,0,0.918354
7950152_326_A1DJNUJZN8FE7N,1,0.898532
7950969_0_A1LZPWVZRTUZD0,0,0.711853
7951790_153_A1I4CYG5YDFTYM,1,0.954111
7952465_125_A2GHGJP29KRWOQ,1,0.729144
7952465_125_A34QZDSTKZ3JO9,1,0.952696
7952666_0_A1DJNUJZN8FE7N,0,0.66287
7954757_191_A1I4CYG5YDFTYM,1,0.835378
7955845_286_AYFOAD75CRBKE,1,0.548022
7956728_212_A3C9GGDXBZW62D,0,0.724283
7956728_349_A1LZPWVZRTUZD0,1,0.907021
7968413_132_A34QZDSTKZ3JO9,0,0.763771
7968413_132_AYFOAD75CRBKE,1,0.577363
7979843_984_A1CF6U3GF7DZEJ,1,0.633927
8837139_0_A34QZDSTKZ3JO9,1,0.578738
8841921_0_A3TKD7EJ6BM0M5,0,0.847757
9177340_550_A1LZPWVZRTUZD0,1,0.920234
9308914_360_A104V8NZIQFN2F,1,0.503908
9309004_185_A2QVMCGDLTWV9,0,0.53263
9417806_386_A104V8NZIQFN2F,0,0.81265
9417917_321_A34QZDSTKZ3JO9,1,0.561134
9419257_10_A34QZDSTKZ3JO9,1,0.726746
9561738_375_A2GHGJP29KRWOQ,0,0.529741
9830834_412_APW9F8OTJ4KXO,1,0.707923
9944713_82_A34QZDSTKZ3JO9,0,0.692553
9952772_729_A3TKD7EJ6BM0M5,0,0.762793
9953236_117_A104V8NZIQFN2F,1,0.687407
9953448_82_A34QZDSTKZ3JO9,1,0.547239
9974255_0_A3C9GGDXBZW62D,0,0.858235
10098012_0_A1CF6U3GF7DZEJ,1,0.81158
10099723_83_A34QZDSTKZ3JO9,0,0.545399
10100991_415_A34QZDSTKZ3JO9,0,0.64323
10224008_601_A1DJNUJZN8FE7N,0,0.525477
10224439_333_A1I4CYG5YDFTYM,1,0.963637
10228010_74_A1I4CYG5YDFTYM,1,0.945709
10396017_195_A1DJNUJZN8FE7N,1,0.984366
10526193_653_A104V8NZIQFN2F,1,0.931359
10944652_774_AE861G0AY5RGT,0,0.708377
10948971_0_A34QZDSTKZ3JO9,1,0.749807
10951533_475_A1I4CYG5YDFTYM,1,0.979151
11320634_0_A34QZDSTKZ3JO9,1,0.9568
11403441_274_A1CF6U3GF7DZEJ,1,0.658961
11404170_84_AE861G0AY5RGT,1,0.713001
11404377_158_A247LJDZOGXJK6,1,0.910919
11448878_687_A34QZDSTKZ3JO9,0,0.504167
11652915_304_A104V8NZIQFN2F,1,0.846058
11894913_488_A1DJNUJZN8FE7N,1,0.930434
11966497_38_A3TKD7EJ6BM0M5,0,0.511491
11968452_189_A3GNQDFPZALU92,0,0.569021
11968452_94_A1I4CYG5YDFTYM,0,0.903396
12010736_0_AE861G0AY5RGT,1,0.833412
12013181_785_APW9F8OTJ4KXO,1,0.83944
12074325_327_AA7ASGQEOMKEZ,1,0.965704
12404722_129_A34QZDSTKZ3JO9,1,0.957236
12633427_954_AE861G0AY5RGT,1,0.986608
12649273_121_A34QZDSTKZ3JO9,1,0.667613
12724989_0_A1HKYY6XI2OHO1,1,0.701115
12997439_0_AE861G0AY5RGT,0,0.72971
13039830_289_A247LJDZOGXJK6,1,0.768085
13237789_79_A34QZDSTKZ3JO9,1,0.664412
13557962_5_A104V8NZIQFN2F,1,0.639726
13651544_444_A104V8NZIQFN2F,0,0.616368
2323212_0_A34QZDSTKZ3JO9,1,0.571104
2326100_179_A1DJNUJZN8FE7N,1,0.948966
2699604_345_AE861G0AY5RGT,1,0.958443
2699780_104_A1HKYY6XI2OHO1,0,0.742236
2700020_649_A34QZDSTKZ3JO9,1,0.655815
2700703_505_A1CF6U3GF7DZEJ,1,0.915928
2700862_1163_AE861G0AY5RGT,1,0.765815
2701138_335_A1I4CYG5YDFTYM,1,0.659341
2701458_582_A34QZDSTKZ3JO9,0,0.858245
2852843_141_A2JKETV64OU7DY,1,0.857427
3122593_214_APW9F8OTJ4KXO,1,0.888074
3122635_27_A34QZDSTKZ3JO9,1,0.684979
3124932_0_A104V8NZIQFN2F,1,0.757043
3124932_109_A1I4CYG5YDFTYM,1,0.700014
3127716_968_A1HKYY6XI2OHO1,1,0.661731
3173925_242_A1I4CYG5YDFTYM,1,0.955084
3174640_228_A34QZDSTKZ3JO9,1,0.7858
3234363_899_A1CF6U3GF7DZEJ,1,0.878679
3282588_59_A1DJNUJZN8FE7N,1,0.517524
3285182_252_A1LZPWVZRTUZD0,1,0.948283
3649706_974_A34QZDSTKZ3JO9,1,0.992075
3649836_172_A1DJNUJZN8FE7N,1,0.975773
4063639_595_A1I4CYG5YDFTYM,1,0.838537
4367468_215_A1DJNUJZN8FE7N,1,0.757755
4389032_79_A34QZDSTKZ3JO9,1,0.555628
4592399_454_A34QZDSTKZ3JO9,1,0.691939
4801633_107_A1CF6U3GF7DZEJ,1,0.622797
4963738_276_A247LJDZOGXJK6,1,0.804086
4969473_87_A1DJNUJZN8FE7N,0,0.62444
5382541_98_A104V8NZIQFN2F,1,0.869293
5395087_0_A1DJNUJZN8FE7N,1,0.878305
5477731_899_A1I4CYG5YDFTYM,1,0.62155
5480877_361_A1CF6U3GF7DZEJ,1,0.775892
5483718_477_A1OYYWJ2B7OQTD,0,0.509788
5654207_0_AYFOAD75CRBKE,0,0.781858
6019509_344_AE861G0AY5RGT,1,0.820316
6026123_88_AE861G0AY5RGT,0,0.509592
6038024_306_A34QZDSTKZ3JO9,1,0.608303
6066271_10_A3GNQDFPZALU92,1,0.799282
6099856_67_A1I4CYG5YDFTYM,1,0.970545
6103367_0_A1CF6U3GF7DZEJ,1,0.952773
6103367_0_A1HKYY6XI2OHO1,0,0.567078
6103587_0_A2D7S8Y2FAUWMC,1,0.842504
6207424_320_APW9F8OTJ4KXO,1,0.521328
6210543_90_A3TKD7EJ6BM0M5,0,0.858872
6212507_226_AE861G0AY5RGT,1,0.869162
6212698_362_A34QZDSTKZ3JO9,0,0.692459
6620360_299_AA7ASGQEOMKEZ,1,0.935492
6812570_454_AE861G0AY5RGT,1,0.520553
6812570_755_AYFOAD75CRBKE,1,0.925345
6861302_86_A34QZDSTKZ3JO9,1,0.691418
6891432_76_A3TKD7EJ6BM0M5,0,0.725654
6893308_37_A1DJNUJZN8FE7N,0,0.92338
6947879_98_AYFOAD75CRBKE,1,0.791267
6949832_322_A1I4CYG5YDFTYM,1,0.882589
6953387_92_A1HKYY6XI2OHO1,1,0.775926
6954381_147_A2QVMCGDLTWV9,0,0.641079
6954953_35_A34QZDSTKZ3JO9,0,0.895781
6955398_0_A1I4CYG5YDFTYM,0,0.530838
6995121_203_A3TKD7EJ6BM0M5,1,0.613072
7096050_0_A247LJDZOGXJK6,1,0.797616
7097300_277_AA7ASGQEOMKEZ,0,0.843105
7237962_286_A34QZDSTKZ3JO9,1,0.983417
7327906_1007_A1DJNUJZN8FE7N,0,0.954509
7447002_600_AE861G0AY5RGT,1,0.620126
7545952_11_A34QZDSTKZ3JO9,0,0.860331
7948878_0_A34QZDSTKZ3JO9,1,0.853319
7950152_31_AHQ90UG2T3KNB,0,0.932837
7951873_50_A104V8NZIQFN2F,1,0.715228
7952064_230_A34QZDSTKZ3JO9,1,0.721813
7952465_337_AE861G0AY5RGT,1,0.960122
7957857_89_A1CF6U3GF7DZEJ,1,0.969883
8390305_86_A104V8NZIQFN2F,0,0.553076
8829168_82_AE861G0AY5RGT,1,0.689937
8831613_0_A1DJNUJZN8FE7N,1,0.882488
8833999_399_A2D7S8Y2FAUWMC,1,0.519478
8835695_451_A1DJNUJZN8FE7N,1,0.868421
8841921_0_A1CF6U3GF7DZEJ,1,0.717517
9043593_0_AE861G0AY5RGT,0,0.508329
9043990_0_A1CF6U3GF7DZEJ,1,0.844719
9043990_0_A2D7S8Y2FAUWMC,1,0.834646
9182493_827_AA7ASGQEOMKEZ,1,0.663981
9557758_49_APQU1QQ738JV9,1,0.859205
9841537_25_A34QZDSTKZ3JO9,1,0.643135
9848910_0_A1DJNUJZN8FE7N,1,0.916048
9853997_193_A3GNQDFPZALU92,1,0.675324
9952050_384_AB98SGS280TY5,1,0.915859
9952264_252_AJNQ2PBD07FKE,1,0.884473
10095919_605_A3GNQDFPZALU92,0,0.640698
10099242_220_AJNQ2PBD07FKE,0,0.65349
10100991_320_A104V8NZIQFN2F,0,0.901334
10224008_80_A1DJNUJZN8FE7N,1,0.858317
10228010_216_APW9F8OTJ4KXO,1,0.881735
10228010_74_AE861G0AY5RGT,1,0.695208
10346152_0_A2JKETV64OU7DY,1,0.798933
10527395_0_A1CF6U3GF7DZEJ,0,0.569704
10944255_438_A1DJNUJZN8FE7N,1,0.800928
10951533_599_A104V8NZIQFN2F,0,0.733145
11163402_404_A34QZDSTKZ3JO9,0,0.921989
11179191_628_A1HKYY6XI2OHO1,0,0.969437
11320634_387_AE861G0AY5RGT,0,0.870868
11403407_198_A1DJNUJZN8FE7N,1,0.522006
11404549_402_A1LZPWVZRTUZD0,0,0.563088
11408807_126_A104V8NZIQFN2F,1,0.802044
11448878_901_A1HKYY6XI2OHO1,1,0.800706
11523833_166_A1CF6U3GF7DZEJ,0,0.776148
11540283_213_AA7ASGQEOMKEZ,1,0.640852
11653691_291_AE861G0AY5RGT,1,0.845088
12070390_173_A3TKD7EJ6BM0M5,0,0.946207
12074325_327_A34QZDSTKZ3JO9,0,0.901593
12408129_0_AE861G0AY5RGT,0,0.524158
12412641_198_A34QZDSTKZ3JO9,0,0.907329
12412641_322_A1I4CYG5YDFTYM,0,0.525579
12536410_143_A2QVMCGDLTWV9,0,0.692607
12628825_223_A1DJNUJZN8FE7N,1,0.764717
12770824_514_A1CF6U3GF7DZEJ,1,0.668883
13316560_422_AE861G0AY5RGT,1,0.740662
13557962_5_A1CF6U3GF7DZEJ,0,0.895853
13563613_293_A1I4CYG5YDFTYM,1,0.626737
13657334_419_A34QZDSTKZ3JO9,1,0.648557
13659246_229_A104V8NZIQFN2F,1,0.805458
13678655_0_A1DJNUJZN8FE7N,1,0.853139
2264065_190_A1LZPWVZRTUZD0,1,0.791206
2264611_65_AA7ASGQEOMKEZ,0,0.680786
2326100_375_APQU1QQ738JV9,0,0.639561
2566415_0_A34QZDSTKZ3JO9,0,0.566523
2567078_365_AYFOAD75CRBKE,0,0.510394
2657396_81_A247LJDZOGXJK6,0,0.898563
2698446_334_A34QZDSTKZ3JO9,0,0.600538
2698616_0_A1CF6U3GF7DZEJ,0,0.905318
2698806_141_A1HKYY6XI2OHO1,0,0.780877
2699104_481_AE861G0AY5RGT,1,0.629916
2699622_455_A1I4CYG5YDFTYM,0,0.919061
2701458_582_A247LJDZOGXJK6,0,0.814031
2876711_397_A1I4CYG5YDFTYM,0,0.958903
3123867_377_A104V8NZIQFN2F,0,0.569841
3176054_290_A1DJNUJZN8FE7N,0,0.590857
3231965_291_A2QVMCGDLTWV9,1,0.625386
3235492_212_A1I4CYG5YDFTYM,0,0.824044
3649631_140_A247LJDZOGXJK6,0,0.563146
3649836_172_A1HKYY6XI2OHO1,1,0.574143
4389032_79_AE861G0AY5RGT,1,0.844148
4425815_162_A34QZDSTKZ3JO9,1,0.921062
4441037_436_A34QZDSTKZ3JO9,1,0.592597
4441037_436_APW9F8OTJ4KXO,0,0.505818
4592432_277_A2GHGJP29KRWOQ,1,0.88601
4838707_179_A1DJNUJZN8FE7N,0,0.693839
4839122_716_AE861G0AY5RGT,1,0.805887
4845332_217_A1I4CYG5YDFTYM,1,0.853867
4845332_217_AE861G0AY5RGT,1,0.521482
5061566_95_AE861G0AY5RGT,0,0.956488
5354126_0_A1CF6U3GF7DZEJ,1,0.820532
5360372_742_A1LZPWVZRTUZD0,0,0.738635
5382541_184_A1CF6U3GF7DZEJ,0,0.842677
5446784_129_APW9F8OTJ4KXO,1,0.689193
5447530_752_A3PILUAB7LZGWQ,0,0.746376
5449542_0_A3TKD7EJ6BM0M5,0,0.585939
5477405_262_A3TKD7EJ6BM0M5,1,0.596588
5490554_85_A34QZDSTKZ3JO9,0,0.549653
5518992_134_A3TKD7EJ6BM0M5,0,0.693035
5612224_338_A3TKD7EJ6BM0M5,0,0.786376
5613090_326_A2QVMCGDLTWV9,0,0.907272
5899543_0_A1CF6U3GF7DZEJ,0,0.893715
6016899_0_A2QVMCGDLTWV9,1,0.849278
6017135_72_A1OYYWJ2B7OQTD,1,0.772121
6022328_510_A34QZDSTKZ3JO9,0,0.931496
6038024_306_AE861G0AY5RGT,0,0.959563
6066271_10_AB98SGS280TY5,0,0.956356
6099616_0_A1CF6U3GF7DZEJ,1,0.668617
6102751_110_A2OZTBCBOCHF9E,1,0.661545
6102751_110_AE861G0AY5RGT,0,0.877339
6104729_65_A1LZPWVZRTUZD0,1,0.550516
6129077_395_A104V8NZIQFN2F,0,0.516822
6129077_395_A34QZDSTKZ3JO9,1,0.777206
6893308_37_A34QZDSTKZ3JO9,1,0.637046
6953215_156_A1CF6U3GF7DZEJ,0,0.516203
7093361_751_A247LJDZOGXJK6,0,0.944843
7229971_124_A34QZDSTKZ3JO9,1,0.872124
7441792_159_AE861G0AY5RGT,1,0.609805
7441792_159_APW9F8OTJ4KXO,0,0.698381
7528221_101_AE861G0AY5RGT,0,0.957858
7528422_0_A1I4CYG5YDFTYM,0,0.852751
7528422_0_A247LJDZOGXJK6,0,0.950659
7952451_0_A2GHGJP29KRWOQ,1,0.796527
7952465_337_A1I4CYG5YDFTYM,1,0.765089
7954757_191_A34QZDSTKZ3JO9,0,0.942471
7955845_741_A1DJNUJZN8FE7N,1,0.813438
7957857_673_A2OZTBCBOCHF9E,0,0.766492
8360040_148_AE861G0AY5RGT,1,0.703778
8470645_137_APW9F8OTJ4KXO,0,0.89292
8828822_204_A104V8NZIQFN2F,0,0.882223
8828991_217_A3TKD7EJ6BM0M5,1,0.583356
8828991_387_A1I4CYG5YDFTYM,1,0.580096
8834740_580_A1HKYY6XI2OHO1,0,0.945722
8835695_451_A34QZDSTKZ3JO9,0,0.904047
8837139_0_AE861G0AY5RGT,1,0.678632
8840022_174_A3GNQDFPZALU92,0,0.679207
9043990_308_A1CF6U3GF7DZEJ,0,0.605069
9043990_308_A3TKD7EJ6BM0M5,0,0.546927
9308278_66_A34QZDSTKZ3JO9,0,0.661296
9419257_447_A34QZDSTKZ3JO9,1,0.896502
9421189_473_A104V8NZIQFN2F,1,0.70543
9844415_393_A3TKD7EJ6BM0M5,0,0.5085
9846734_338_A1I4CYG5YDFTYM,1,0.761943
9863414_511_A1CF6U3GF7DZEJ,0,0.976554
9944695_431_A1I4CYG5YDFTYM,1,0.668128
9944889_71_A104V8NZIQFN2F,1,0.69232
9947157_154_A34QZDSTKZ3JO9,0,0.912155
9950813_192_A34QZDSTKZ3JO9,0,0.788984
10095324_0_AE861G0AY5RGT,0,0.5901
10095919_370_A1I4CYG5YDFTYM,0,0.920913
10224439_92_A1I4CYG5YDFTYM,1,0.811968
10225342_88_A104V8NZIQFN2F,1,0.978829
10338469_90_A1HKYY6XI2OHO1,1,0.875218
10526193_653_AE861G0AY5RGT,0,0.636582
11160920_233_AA7ASGQEOMKEZ,1,0.877986
11163651_56_AE861G0AY5RGT,1,0.590551
11403407_23_A1LZPWVZRTUZD0,1,0.825704
11408115_0_A1DJNUJZN8FE7N,0,0.687803
11408162_263_A3GNQDFPZALU92,1,0.823847
11417696_0_A1CF6U3GF7DZEJ,1,0.850715
11526420_122_A34QZDSTKZ3JO9,1,0.652191
11891193_331_A3TKD7EJ6BM0M5,0,0.79366
11892792_20_A1I4CYG5YDFTYM,0,0.693893
11894913_488_A34QZDSTKZ3JO9,0,0.539027
11965227_789_A104V8NZIQFN2F,1,0.96067
11967782_364_A104V8NZIQFN2F,0,0.679857
11970354_200_AYFOAD75CRBKE,1,0.962749
12004909_78_A104V8NZIQFN2F,1,0.718887
12013086_330_A1HKYY6XI2OHO1,0,0.556035
12014464_0_AYFOAD75CRBKE,0,0.679581
12412641_198_APW9F8OTJ4KXO,1,0.773467
12536410_1025_A34QZDSTKZ3JO9,0,0.970755
12629542_220_A1CF6U3GF7DZEJ,1,0.759329
12631449_628_A34QZDSTKZ3JO9,1,0.852577
13039830_179_AB98SGS280TY5,0,0.603239
13068403_151_AYFOAD75CRBKE,0,0.64233
13319707_476_A34QZDSTKZ3JO9,1,0.521156
13320024_249_A34QZDSTKZ3JO9,1,0.930509
2261238_0_A1I4CYG5YDFTYM,1,0.897724
2326100_375_A104V8NZIQFN2F,1,0.701319
2655497_381_A1I4CYG5YDFTYM,1,0.918277
2698806_141_A1I4CYG5YDFTYM,1,0.718787
2699384_115_A1DJNUJZN8FE7N,1,0.806198
2699384_479_AE861G0AY5RGT,1,0.745863
2699780_104_A1DJNUJZN8FE7N,0,0.951857
2699822_167_A3TKD7EJ6BM0M5,1,0.935217
3123867_109_A1I4CYG5YDFTYM,0,0.777984
3176054_0_A1CF6U3GF7DZEJ,0,0.969145
3176054_0_A2QVMCGDLTWV9,1,0.899677
3176133_380_A1LZPWVZRTUZD0,1,0.728736
3235492_212_A1CF6U3GF7DZEJ,1,0.755084
3282462_247_A34QZDSTKZ3JO9,1,0.959366
3282588_59_A34QZDSTKZ3JO9,1,0.683226
3637150_0_A1DJNUJZN8FE7N,0,0.694944
3639835_338_A1CF6U3GF7DZEJ,1,0.521056
3639835_338_A34QZDSTKZ3JO9,0,0.513905
3639835_338_AA7ASGQEOMKEZ,1,0.911623
3647761_443_APW9F8OTJ4KXO,0,0.525254
3649631_140_AE861G0AY5RGT,1,0.939093
3651071_0_A34QZDSTKZ3JO9,0,0.745777
4062443_409_A34QZDSTKZ3JO9,1,0.568539
4389032_79_A1DJNUJZN8FE7N,1,0.601433
4425625_19_A1DJNUJZN8FE7N,1,0.894917
4426679_112_A1CF6U3GF7DZEJ,0,0.551961
4426679_537_A34QZDSTKZ3JO9,1,0.930454
4427401_711_AE861G0AY5RGT,1,0.898929
4581165_101_A34QZDSTKZ3JO9,1,0.551819
4594455_0_A1HKYY6XI2OHO1,1,0.869258
4803078_343_A1DJNUJZN8FE7N,0,0.963078
4970171_352_APW9F8OTJ4KXO,1,0.908711
5360372_89_A1HKYY6XI2OHO1,0,0.732528
5382541_184_AE861G0AY5RGT,1,0.980787
5445948_307_A247LJDZOGXJK6,1,0.630067
5445948_307_APW9F8OTJ4KXO,1,0.662989
5447530_253_AJNQ2PBD07FKE,1,0.83412
5447530_752_A1I4CYG5YDFTYM,1,0.951468
5447986_0_A104V8NZIQFN2F,1,0.68765
5447986_0_AA7ASGQEOMKEZ,1,0.53441
5475504_203_A1I4CYG5YDFTYM,1,0.542325
5477994_372_A1HKYY6XI2OHO1,1,0.949566
5518992_364_A34QZDSTKZ3JO9,0,0.514183
5612224_338_A2JKETV64OU7DY,1,0.890605
5613711_180_A1CF6U3GF7DZEJ,0,0.508694
5615055_0_A1HKYY6XI2OHO1,0,0.50923
5654207_0_A1CF6U3GF7DZEJ,0,0.93213
6017135_17_APW9F8OTJ4KXO,0,0.533101
6022328_10_A34QZDSTKZ3JO9,1,0.709874
6022867_0_A34QZDSTKZ3JO9,1,0.770428
6129077_486_A34QZDSTKZ3JO9,0,0.538838
6131389_93_A1CF6U3GF7DZEJ,0,0.773736
6207021_72_A34QZDSTKZ3JO9,1,0.550994
6207424_320_A3TKD7EJ6BM0M5,0,0.80085
6212507_226_A104V8NZIQFN2F,1,0.817232
6212644_60_A1CF6U3GF7DZEJ,0,0.525569
6212698_362_A104V8NZIQFN2F,0,0.522092
6212698_362_A1CF6U3GF7DZEJ,1,0.539887
6861302_449_A104V8NZIQFN2F,1,0.696892
6893308_37_AE861G0AY5RGT,1,0.823507
6897401_59_APW9F8OTJ4KXO,1,0.631604
6949832_322_A1HKYY6XI2OHO1,1,0.545957
6953350_0_A1DJNUJZN8FE7N,0,0.602186
6953351_131_AE861G0AY5RGT,1,0.881173
7096050_0_A3C9GGDXBZW62D,1,0.525155
7237604_435_AE861G0AY5RGT,1,0.98747
7385804_218_A34QZDSTKZ3JO9,1,0.851603
7528221_0_A1DJNUJZN8FE7N,0,0.707012
7644790_273_A1I4CYG5YDFTYM,1,0.694143
7948878_96_A1I4CYG5YDFTYM,1,0.945767
7950152_326_A34QZDSTKZ3JO9,1,0.787743
7951380_271_A2GHGJP29KRWOQ,1,0.872864
7952064_230_A1CF6U3GF7DZEJ,1,0.563659
7952666_625_A1OYYWJ2B7OQTD,1,0.972166
7956728_349_A104V8NZIQFN2F,1,0.684387
7957857_806_APW9F8OTJ4KXO,1,0.951334
8385921_17_A3PILUAB7LZGWQ,1,0.82334
8390305_345_APW9F8OTJ4KXO,1,0.873204
8892337_317_APW9F8OTJ4KXO,1,0.654207
9182493_709_A1CF6U3GF7DZEJ,1,0.869644
9308366_0_AE861G0AY5RGT,0,0.755083
9308914_360_A34QZDSTKZ3JO9,1,0.914775
9311766_52_A34QZDSTKZ3JO9,0,0.580941
9557758_49_A3TKD7EJ6BM0M5,1,0.857832
9830834_0_A2G30CUMM6UXG5,1,0.819023
9949264_223_AE861G0AY5RGT,1,0.933599
9950119_0_A3TKD7EJ6BM0M5,1,0.855243
9950119_108_A1DJNUJZN8FE7N,0,0.743989
9952772_729_A2OZTBCBOCHF9E,1,0.729997
9953248_133_A1I4CYG5YDFTYM,1,0.79376
9974255_0_A2GHGJP29KRWOQ,0,0.852238
10095919_605_A104V8NZIQFN2F,0,0.79273
10099242_60_A2D7S8Y2FAUWMC,0,0.961893
10226499_137_A2GHGJP29KRWOQ,0,0.717588
10226499_137_AE861G0AY5RGT,1,0.532204
10228010_115_A34QZDSTKZ3JO9,1,0.842959
10340252_358_AE861G0AY5RGT,0,0.760517
10527395_0_A1I4CYG5YDFTYM,0,0.92402
10948971_587_A104V8NZIQFN2F,1,0.656613
10948971_587_AE861G0AY5RGT,0,0.853227
11403606_72_A1CF6U3GF7DZEJ,1,0.720854
11404549_402_AA7ASGQEOMKEZ,0,0.862959
11408115_0_A34QZDSTKZ3JO9,1,0.609923
11408162_263_A1CF6U3GF7DZEJ,0,0.896168
11408927_12_A104V8NZIQFN2F,0,0.662149
11411383_0_APW9F8OTJ4KXO,1,0.66869
11417696_0_A247LJDZOGXJK6,0,0.597945
11417696_0_A34QZDSTKZ3JO9,1,0.546248
11448878_687_APW9F8OTJ4KXO,0,0.670034
11520908_55_APW9F8OTJ4KXO,0,0.918492
11523833_166_A34QZDSTKZ3JO9,1,0.646878
11653691_291_A1DJNUJZN8FE7N,0,0.74323
11653691_737_AE861G0AY5RGT,1,0.597593
11891193_127_A104V8NZIQFN2F,0,0.743759
11891553_0_A34QZDSTKZ3JO9,1,0.746641
11891604_674_A1LZPWVZRTUZD0,0,0.613599
11893023_269_A3GNQDFPZALU92,0,0.65557
12009673_756_A1CF6U3GF7DZEJ,0,0.905501
12013086_0_A1DJNUJZN8FE7N,0,0.521734
12014627_104_A104V8NZIQFN2F,0,0.570577
12014627_104_AB98SGS280TY5,0,0.870996
12017128_84_A104V8NZIQFN2F,0,0.778537
12418818_389_A247LJDZOGXJK6,0,0.888617
12536410_694_A2JKETV64OU7DY,1,0.515093
12538582_0_A1CF6U3GF7DZEJ,1,0.799243
12770824_514_A3GNQDFPZALU92,0,0.87156
13039830_179_A1CF6U3GF7DZEJ,1,0.527835
13652278_0_A1DJNUJZN8FE7N,1,0.50441
13657334_547_A34QZDSTKZ3JO9,1,0.695081
2323212_234_A1DJNUJZN8FE7N,0,0.743276
2341049_117_A104V8NZIQFN2F,1,0.717875
2564576_760_AB98SGS280TY5,0,0.916058
2654957_283_A34QZDSTKZ3JO9,0,0.602023
2655810_227_APW9F8OTJ4KXO,0,0.673411
2699263_158_AE861G0AY5RGT,0,0.634599
2699384_0_A34QZDSTKZ3JO9,1,0.50465
2699541_170_A1DJNUJZN8FE7N,1,0.629524
2699711_361_AJNQ2PBD07FKE,0,0.774899
2700850_116_A104V8NZIQFN2F,0,0.642182
2700850_221_A104V8NZIQFN2F,0,0.713613
2701138_335_A3TKD7EJ6BM0M5,0,0.837936
2880029_0_A247LJDZOGXJK6,0,0.832698
3123867_377_A1I4CYG5YDFTYM,0,0.742536
3637150_168_AE861G0AY5RGT,0,0.732634
3649694_0_A1HKYY6XI2OHO1,1,0.540482
4062079_356_A3TKD7EJ6BM0M5,1,0.508001
4062498_218_A247LJDZOGXJK6,1,0.807259
4070387_142_A1LZPWVZRTUZD0,1,0.794092
4366654_0_A1HKYY6XI2OHO1,0,0.845359
4839122_716_A104V8NZIQFN2F,0,0.828742
4963738_276_AYFOAD75CRBKE,0,0.652182
4966919_863_A34QZDSTKZ3JO9,0,0.90438
5350361_272_A104V8NZIQFN2F,0,0.913524
5357182_129_A34QZDSTKZ3JO9,0,0.832587
5377578_77_A1OYYWJ2B7OQTD,1,0.529162
5445253_523_A34QZDSTKZ3JO9,0,0.933496
5447530_752_AE861G0AY5RGT,0,0.794954
5476726_459_A1CF6U3GF7DZEJ,0,0.919992
5477096_432_A34QZDSTKZ3JO9,0,0.645985
5477096_432_APW9F8OTJ4KXO,0,0.846891
5477994_372_AYFOAD75CRBKE,0,0.567276
5480877_361_AYFOAD75CRBKE,0,0.972846
6006832_47_A34QZDSTKZ3JO9,1,0.689413
6030836_0_A2D7S8Y2FAUWMC,0,0.946024
6040313_62_A34QZDSTKZ3JO9,0,0.841813
6210543_90_A104V8NZIQFN2F,1,0.572773
6516554_448_A1LZPWVZRTUZD0,0,0.657033
6516554_584_A1HKYY6XI2OHO1,1,0.520124
6540450_0_A1CF6U3GF7DZEJ,0,0.730993
6812058_695_A104V8NZIQFN2F,0,0.884964
6813091_526_A34QZDSTKZ3JO9,0,0.837415
6949832_322_AYFOAD75CRBKE,1,0.906816
6953215_156_A24XBVPC9MYJVX,0,0.666227
7073280_263_A2D7S8Y2FAUWMC,0,0.850496
7447002_600_A1I4CYG5YDFTYM,0,0.897798
7528221_0_A1CF6U3GF7DZEJ,0,0.910249
7948878_0_AA7ASGQEOMKEZ,0,0.685769
7951527_444_A1I4CYG5YDFTYM,1,0.754896
7951620_0_APW9F8OTJ4KXO,0,0.698019
7951790_153_A2JKETV64OU7DY,0,0.511344
7952666_625_A3PILUAB7LZGWQ,1,0.753777
7955845_286_A34QZDSTKZ3JO9,0,0.746102
7956728_349_A1I4CYG5YDFTYM,1,0.732492
7957857_521_A2QVMCGDLTWV9,1,0.702004
7957857_673_A34QZDSTKZ3JO9,1,0.592176
8385921_17_AE861G0AY5RGT,0,0.936902
8687859_604_A34QZDSTKZ3JO9,0,0.869539
8828822_204_AE861G0AY5RGT,0,0.678419
8831916_221_A34QZDSTKZ3JO9,0,0.515989
8841900_282_A1CF6U3GF7DZEJ,0,0.781084
9045292_110_A104V8NZIQFN2F,0,0.867387
9045292_110_A1I4CYG5YDFTYM,0,0.7219
9305668_357_A34QZDSTKZ3JO9,0,0.916809
9309004_185_AE861G0AY5RGT,0,0.668145
9327086_83_AE861G0AY5RGT,0,0.903067
9417806_386_A2GHGJP29KRWOQ,0,0.868633
9418772_0_A2GHGJP29KRWOQ,1,0.54592
9419257_10_A1DJNUJZN8FE7N,0,0.73458
9419257_447_A1N1T17XTPEEK5,0,0.796282
9419257_447_APW9F8OTJ4KXO,0,0.544958
9557758_243_APW9F8OTJ4KXO,0,0.734113
9565783_0_A1CF6U3GF7DZEJ,0,0.65812
9831366_0_A1I4CYG5YDFTYM,1,0.674851
9833799_267_A34QZDSTKZ3JO9,0,0.85147
9853997_193_A8GWYS9O8FUEK,1,0.682703
9859903_0_A1I4CYG5YDFTYM,0,0.979741
9859903_582_A3PILUAB7LZGWQ,0,0.923326
9863387_192_A1HKYY6XI2OHO1,0,0.696983
9863414_511_A1I4CYG5YDFTYM,0,0.961721
9944889_71_A3TKD7EJ6BM0M5,0,0.960254
9950119_108_APW9F8OTJ4KXO,0,0.884259
9953236_359_A2JKETV64OU7DY,1,0.501077
10095324_382_A3GNQDFPZALU92,1,0.808472
10095919_605_AB98SGS280TY5,0,0.515304
10228010_160_A1HKYY6XI2OHO1,1,0.834926
10338469_9_A1CF6U3GF7DZEJ,1,0.911211
10344127_538_A1I4CYG5YDFTYM,1,0.850049
10527961_276_A2GHGJP29KRWOQ,0,0.887554
11163402_303_A34QZDSTKZ3JO9,1,0.58106
11405532_601_AE861G0AY5RGT,0,0.825198
11526420_122_APW9F8OTJ4KXO,1,0.87156
11653691_737_A5TI9UQEPLNWI,1,0.919623
11894913_633_A1HKYY6XI2OHO1,0,0.687617
11896947_661_A1HKYY6XI2OHO1,0,0.877782
11896947_661_A34QZDSTKZ3JO9,1,0.810363
11913541_655_A34QZDSTKZ3JO9,1,0.652674
11917910_687_A1DJNUJZN8FE7N,1,0.831292
11968452_189_AE861G0AY5RGT,1,0.902149
11970354_282_AE861G0AY5RGT,1,0.610353
12004909_78_A1LZPWVZRTUZD0,1,0.705804
12013086_252_A3C9GGDXBZW62D,1,0.622906
12015274_65_A3GNQDFPZALU92,1,0.563657
12018473_444_AB98SGS280TY5,1,0.645853
12408877_279_A1CF6U3GF7DZEJ,1,0.67169
12534617_179_A2G30CUMM6UXG5,1,0.600482
12631076_0_A1I4CYG5YDFTYM,1,0.802439
12724989_0_A1DJNUJZN8FE7N,0,0.607789
13038883_345_A1Z6F664MYBMVI,0,0.747316
13068403_151_A1DJNUJZN8FE7N,0,0.793999
13237789_21_A1DJNUJZN8FE7N,0,0.637538
13316560_357_A2JKETV64OU7DY,0,0.530511
13659246_365_A1I4CYG5YDFTYM,1,0.591737
13725505_126_A34QZDSTKZ3JO9,0,0.57139
13725505_253_A1I4CYG5YDFTYM,0,0.550545
2323212_234_AE861G0AY5RGT,1,0.7944
2341049_117_A34QZDSTKZ3JO9,1,0.77738
2653827_630_A1CF6U3GF7DZEJ,0,0.608454
2654957_283_A1CF6U3GF7DZEJ,1,0.575878
2655159_153_A104V8NZIQFN2F,0,0.740183
2699711_361_AB98SGS280TY5,1,0.626208
2854900_163_AE861G0AY5RGT,1,0.953571
3125041_200_A34QZDSTKZ3JO9,1,0.875979
3176054_0_A2JKETV64OU7DY,1,0.754398
3235302_207_A3PILUAB7LZGWQ,1,0.648879
3639142_81_A104V8NZIQFN2F,0,0.906356
3647415_356_A1CF6U3GF7DZEJ,1,0.844787
3649631_140_A1CF6U3GF7DZEJ,1,0.930021
4060466_260_AB98SGS280TY5,1,0.852832
4062498_730_AE861G0AY5RGT,1,0.613347
4063299_234_A34QZDSTKZ3JO9,1,0.758754
4366654_0_A34QZDSTKZ3JO9,1,0.919744
4371398_686_A1LZPWVZRTUZD0,1,0.930173
4426679_22_AE861G0AY5RGT,1,0.603209
4759333_109_A34QZDSTKZ3JO9,1,0.722772
4803078_343_A247LJDZOGXJK6,0,0.945901
4838707_119_A34QZDSTKZ3JO9,0,0.686524
5358339_27_APW9F8OTJ4KXO,1,0.715071
5360372_89_A104V8NZIQFN2F,1,0.827101
5445948_346_A2QVMCGDLTWV9,0,0.930873
5446557_184_AE861G0AY5RGT,0,0.832451
5449542_0_A34QZDSTKZ3JO9,0,0.678822
5450307_708_A1DJNUJZN8FE7N,1,0.782247
5474672_140_A1DJNUJZN8FE7N,1,0.730194
5645380_0_A3TKD7EJ6BM0M5,0,0.77203
5907773_300_A1DJNUJZN8FE7N,1,0.856241
6003165_166_A104V8NZIQFN2F,0,0.577629
6003165_166_A34QZDSTKZ3JO9,1,0.53843
6016899_0_AE861G0AY5RGT,1,0.567016
6017135_17_A1CF6U3GF7DZEJ,1,0.891698
6017135_17_A1I4CYG5YDFTYM,1,0.752835
6017135_226_APW9F8OTJ4KXO,1,0.586661
6022328_10_A1CF6U3GF7DZEJ,0,0.791416
6024130_356_A2OZTBCBOCHF9E,0,0.654844
6028049_248_A104V8NZIQFN2F,1,0.556346
6040313_62_AE861G0AY5RGT,1,0.648558
6042475_234_A2GHGJP29KRWOQ,1,0.910502
6097752_629_A104V8NZIQFN2F,1,0.889924
6102751_193_A2QVMCGDLTWV9,1,0.891716
6102894_256_AB98SGS280TY5,1,0.922823
6129077_395_AE861G0AY5RGT,1,0.600688
6207021_72_A1LZPWVZRTUZD0,1,0.701706
6516554_690_A34QZDSTKZ3JO9,1,0.547779
6537087_558_AYFOAD75CRBKE,0,0.870619
6539424_471_A34QZDSTKZ3JO9,1,0.800598
6814608_150_AE861G0AY5RGT,1,0.9605
6814608_283_AA7ASGQEOMKEZ,1,0.66427
6816351_0_A1HKYY6XI2OHO1,1,0.905687
6816976_108_APW9F8OTJ4KXO,1,0.709856
6893364_66_A34QZDSTKZ3JO9,1,0.828121
6896712_291_A1DJNUJZN8FE7N,0,0.674036
6897586_0_A34QZDSTKZ3JO9,0,0.574705
6951801_0_A34QZDSTKZ3JO9,1,0.895197
7046664_196_A247LJDZOGXJK6,0,0.636126
7057234_301_A1I4CYG5YDFTYM,0,0.84942
7057234_301_A1J0GU26323WVA,0,0.663605
7234455_763_A1DJNUJZN8FE7N,1,0.836827
7237604_435_A34QZDSTKZ3JO9,1,0.806347
7528221_101_A3GNQDFPZALU92,1,0.637231
7638928_211_A1HKYY6XI2OHO1,0,0.701651
7951380_271_A104V8NZIQFN2F,1,0.883264
7951527_444_A1DJNUJZN8FE7N,1,0.585346
7951790_153_A1CF6U3GF7DZEJ,1,0.616714
7952064_230_A104V8NZIQFN2F,1,0.953481
7952666_625_A2QVMCGDLTWV9,1,0.532802
7954757_62_A2JKETV64OU7DY,1,0.758363
7955845_0_A1I4CYG5YDFTYM,1,0.845123
7955845_286_A247LJDZOGXJK6,1,0.515366
7956728_349_A1CF6U3GF7DZEJ,1,0.554459
8385486_0_APW9F8OTJ4KXO,1,0.840044
8829278_378_A1CF6U3GF7DZEJ,1,0.553746
8830542_132_A104V8NZIQFN2F,1,0.782582
8831613_0_APW9F8OTJ4KXO,1,0.940556
8831613_509_A1CF6U3GF7DZEJ,1,0.586888
8834740_580_A1I4CYG5YDFTYM,0,0.713713
8838287_6_A1DJNUJZN8FE7N,1,0.802642
9305215_426_A1I4CYG5YDFTYM,1,0.873458
9306087_528_A3TKD7EJ6BM0M5,1,0.800667
9308914_112_AE861G0AY5RGT,1,0.829554
9312264_156_A247LJDZOGXJK6,1,0.588036
9831390_0_A104V8NZIQFN2F,1,0.633112
9841537_340_APW9F8OTJ4KXO,1,0.893855
9950813_449_A104V8NZIQFN2F,1,0.745057
9952573_220_A1HKYY6XI2OHO1,1,0.575219
10098012_0_AB98SGS280TY5,0,0.581905
10099242_60_A34QZDSTKZ3JO9,0,0.796048
10100991_0_A104V8NZIQFN2F,0,0.81498
10346152_389_A34QZDSTKZ3JO9,0,0.84353
11408162_344_A247LJDZOGXJK6,1,0.900888
11408162_382_APW9F8OTJ4KXO,0,0.51197
11893023_0_A3TKD7EJ6BM0M5,1,0.854869
11896947_661_A1I4CYG5YDFTYM,1,0.955224
11965482_783_A1LZPWVZRTUZD0,0,0.781391
11967782_85_A1DJNUJZN8FE7N,1,0.617568
12015274_65_A1CF6U3GF7DZEJ,0,0.936378
12017128_84_AGRKG3YT3KMD8,0,0.586711
12017622_409_A2OZTBCBOCHF9E,0,0.83306
12070390_173_A1HKYY6XI2OHO1,1,0.54249
12100570_124_A138BU1VWM2RKN,0,0.697126
12404722_129_AE861G0AY5RGT,0,0.720351
12538747_447_APW9F8OTJ4KXO,0,0.631096
12538804_183_AD8UJKT5HYGNJ,1,0.969977
12628676_554_A1CF6U3GF7DZEJ,0,0.615057
13038883_165_A3C9GGDXBZW62D,1,0.819446
13273414_0_A1CF6U3GF7DZEJ,0,0.947138
13563613_293_A34QZDSTKZ3JO9,0,0.648906
13657334_0_A104V8NZIQFN2F,1,0.713657
13657334_419_A1CF6U3GF7DZEJ,0,0.832051
13678921_0_AE861G0AY5RGT,1,0.791475
2323205_193_A1HKYY6XI2OHO1,0,0.817919
2323205_193_AA7ASGQEOMKEZ,1,0.940812
2565365_0_A1DJNUJZN8FE7N,0,0.842529
2657396_121_A1I4CYG5YDFTYM,1,0.541629
2657567_79_A2JKETV64OU7DY,0,0.59271
2698806_345_A104V8NZIQFN2F,1,0.66583
2699263_158_AA7ASGQEOMKEZ,0,0.660192
2699263_426_APW9F8OTJ4KXO,1,0.581552
2699299_188_A34QZDSTKZ3JO9,1,0.816423
2699711_361_A104V8NZIQFN2F,1,0.726655
2700020_649_A1DJNUJZN8FE7N,1,0.745473
2700850_116_A1HKYY6XI2OHO1,0,0.902156
2700850_116_A34QZDSTKZ3JO9,0,0.854572
2700862_178_AE861G0AY5RGT,0,0.911785
2700867_102_A1HKYY6XI2OHO1,1,0.761148
2700867_102_APW9F8OTJ4KXO,0,0.576866
2876850_76_AE861G0AY5RGT,1,0.894639
3124188_800_A2QVMCGDLTWV9,0,0.623748
3171678_0_A1DJNUJZN8FE7N,1,0.743998
3235190_0_A1I4CYG5YDFTYM,1,0.655529
3235190_166_A2QVMCGDLTWV9,1,0.904864
3285182_74_APW9F8OTJ4KXO,0,0.781651
3651071_117_A1CF6U3GF7DZEJ,0,0.613036
3651490_320_A3GNQDFPZALU92,0,0.774066
4063299_234_APW9F8OTJ4KXO,1,0.5733
4367468_215_APW9F8OTJ4KXO,0,0.502422
4373275_172_A2QVMCGDLTWV9,1,0.62877
4425815_162_A3PILUAB7LZGWQ,1,0.705503
4595363_428_APQU1QQ738JV9,0,0.683548
4838707_119_A104V8NZIQFN2F,1,0.968582
5382541_98_A1I4CYG5YDFTYM,0,0.794674
5445948_0_A1I4CYG5YDFTYM,0,0.839136
5448454_291_A104V8NZIQFN2F,0,0.872885
5449342_0_A34QZDSTKZ3JO9,1,0.588151
5449342_0_A3GNQDFPZALU92,0,0.924619
5477405_0_AE861G0AY5RGT,0,0.718243
5483718_477_AE861G0AY5RGT,0,0.524356
5518992_275_APW9F8OTJ4KXO,1,0.877352
5612405_265_A3TKD7EJ6BM0M5,1,0.699948
5613711_180_A1OYYWJ2B7OQTD,1,0.52129
5613711_180_A34QZDSTKZ3JO9,1,0.571629
5905284_0_A104V8NZIQFN2F,0,0.812287
6003165_166_APW9F8OTJ4KXO,0,0.9058
6017246_534_A104V8NZIQFN2F,0,0.950579
6024130_356_A34QZDSTKZ3JO9,0,0.782346
6025796_187_A2GHGJP29KRWOQ,0,0.852448
6028049_248_A1CF6U3GF7DZEJ,1,0.744112
6032130_73_A1CF6U3GF7DZEJ,1,0.898091
6037743_326_AE861G0AY5RGT,1,0.617046
6102751_193_A1LZPWVZRTUZD0,0,0.588251
6131389_93_A34QZDSTKZ3JO9,0,0.63768
6207424_0_A3PILUAB7LZGWQ,1,0.869947
6207424_320_A34QZDSTKZ3JO9,0,0.804178
6511026_804_A104V8NZIQFN2F,0,0.800932
6537714_175_AE861G0AY5RGT,0,0.526933
6539424_471_A1I4CYG5YDFTYM,0,0.650895
6622253_637_AE861G0AY5RGT,0,0.593449
6812570_102_A34QZDSTKZ3JO9,1,0.735864
6890090_0_AE861G0AY5RGT,0,0.609492
6892705_686_AJNQ2PBD07FKE,1,0.567255
6896111_56_A104V8NZIQFN2F,1,0.713171
6896111_56_A1CF6U3GF7DZEJ,0,0.894813
6953350_0_APW9F8OTJ4KXO,1,0.587045
7327906_793_A3PILUAB7LZGWQ,0,0.672855
7329563_229_A104V8NZIQFN2F,0,0.963936
7528221_101_A104V8NZIQFN2F,0,0.606608
7950152_435_A1CF6U3GF7DZEJ,1,0.895336
7951620_161_A1I4CYG5YDFTYM,1,0.935445
7952064_0_A3TKD7EJ6BM0M5,1,0.687682
7952064_230_A1LZPWVZRTUZD0,1,0.601551
7952992_715_A2QVMCGDLTWV9,1,0.892415
7952992_715_A3PILUAB7LZGWQ,1,0.950766
7955845_189_AE861G0AY5RGT,1,0.670763
8370267_677_A34QZDSTKZ3JO9,1,0.847914
8832426_496_A34QZDSTKZ3JO9,0,0.881779
8833999_200_A34QZDSTKZ3JO9,0,0.734874
8835812_0_A104V8NZIQFN2F,0,0.755529
8892337_0_AA7ASGQEOMKEZ,1,0.554468
9043990_0_A34QZDSTKZ3JO9,0,0.617376
9183882_288_A34QZDSTKZ3JO9,0,0.60344
9308366_0_AYFOAD75CRBKE,1,0.644589
9311766_52_A104V8NZIQFN2F,0,0.774598
9312264_156_A1I4CYG5YDFTYM,0,0.776273
9312464_700_A104V8NZIQFN2F,0,0.875563
9417917_880_A2GHGJP29KRWOQ,0,0.500705
9556491_349_A2QVMCGDLTWV9,1,0.60188
9829888_207_A104V8NZIQFN2F,0,0.662959
9832599_442_A247LJDZOGXJK6,0,0.719604
9832599_442_APW9F8OTJ4KXO,0,0.617284
9853997_193_A2QVMCGDLTWV9,0,0.908526
9863387_192_APW9F8OTJ4KXO,0,0.795606
9863414_511_A1LZPWVZRTUZD0,0,0.972182
9947157_154_AE861G0AY5RGT,0,0.777071
9950813_10_A104V8NZIQFN2F,0,0.909525
9952772_37_AA7ASGQEOMKEZ,1,0.622226
9975147_345_AA7ASGQEOMKEZ,0,0.505046
10100991_0_AE861G0AY5RGT,0,0.926227
10226758_0_A2GHGJP29KRWOQ,0,0.57317
10228010_216_A1I4CYG5YDFTYM,1,0.640626
10228010_216_AE861G0AY5RGT,1,0.565016
10944255_438_A3C9GGDXBZW62D,1,0.523075
11404235_0_A1DJNUJZN8FE7N,0,0.573222
11408115_0_APW9F8OTJ4KXO,0,0.845491
11411383_255_A1DJNUJZN8FE7N,1,0.88842
11417696_950_AA7ASGQEOMKEZ,0,0.717162
11650201_63_A104V8NZIQFN2F,0,0.678942
11652915_304_A34QZDSTKZ3JO9,0,0.831679
11894812_0_A1I4CYG5YDFTYM,1,0.683171
11900472_0_A3PILUAB7LZGWQ,1,0.695018
11917910_290_AE861G0AY5RGT,1,0.895582
11970354_282_A2GHGJP29KRWOQ,1,0.637261
12012725_373_A34QZDSTKZ3JO9,1,0.544601
12016993_732_AYFOAD75CRBKE,1,0.638117
12536410_143_AE861G0AY5RGT,0,0.548823
12538582_0_AGRKG3YT3KMD8,1,0.700966
12538747_447_A3TKD7EJ6BM0M5,0,0.844021
12631449_628_A104V8NZIQFN2F,1,0.570151
12727262_0_A34QZDSTKZ3JO9,1,0.617813
13040340_0_AYFOAD75CRBKE,0,0.67523
13319707_244_AE861G0AY5RGT,1,0.672736
13319707_476_A1DJNUJZN8FE7N,1,0.738806
13321356_0_A1I4CYG5YDFTYM,1,0.826261
13321356_0_A3GNQDFPZALU92,1,0.674329
13651544_37_AYFOAD75CRBKE,0,0.78942
13678921_0_APW9F8OTJ4KXO,1,0.868725
2264065_190_A1DJNUJZN8FE7N,0,0.867572
2264611_618_A1CF6U3GF7DZEJ,1,0.842813
2655497_381_APW9F8OTJ4KXO,0,0.533221
2699104_481_A1FBBY2JJYRMRI,0,0.834401
2699604_345_A34QZDSTKZ3JO9,0,0.541111
2700020_281_A1DJNUJZN8FE7N,0,0.827239
2700020_649_A3C9GGDXBZW62D,1,0.54759
2701458_582_A138BU1VWM2RKN,1,0.563872
2852843_141_APW9F8OTJ4KXO,1,0.57289
3122635_27_A3TKD7EJ6BM0M5,1,0.554907
3171944_387_A247LJDZOGXJK6,0,0.872887
3175089_0_A1LZPWVZRTUZD0,1,0.64566
3175179_500_AE861G0AY5RGT,1,0.687737
3235492_212_A104V8NZIQFN2F,1,0.706251
3302960_57_A1I4CYG5YDFTYM,1,0.856594
3526042_138_A3TKD7EJ6BM0M5,1,0.600441
3637150_0_A1I4CYG5YDFTYM,0,0.668408
3647415_356_A3TKD7EJ6BM0M5,1,0.79521
3651071_117_APW9F8OTJ4KXO,0,0.56442
4062498_730_A34QZDSTKZ3JO9,1,0.516074
4063639_595_A1HKYY6XI2OHO1,1,0.685819
4070387_142_A1I4CYG5YDFTYM,1,0.900568
4368020_366_A1HKYY6XI2OHO1,0,0.833117
4370444_0_A34QZDSTKZ3JO9,0,0.645244
4371131_519_AE861G0AY5RGT,1,0.507462
4425625_274_A247LJDZOGXJK6,0,0.646164
4426679_112_A1I4CYG5YDFTYM,1,0.571064
4803078_343_APW9F8OTJ4KXO,0,0.916824
4969447_260_A34QZDSTKZ3JO9,1,0.882646
5360372_635_A34QZDSTKZ3JO9,1,0.686505
5360372_89_A34QZDSTKZ3JO9,1,0.663831
5382541_98_AE861G0AY5RGT,1,0.659401
5446557_184_A2OZTBCBOCHF9E,0,0.70077
5450307_708_A34QZDSTKZ3JO9,1,0.505862
5475504_203_AE861G0AY5RGT,1,0.627127
5477405_262_A1LZPWVZRTUZD0,1,0.653639
5518992_134_A1J0GU26323WVA,1,0.640062
5612280_615_A34QZDSTKZ3JO9,1,0.806766
5612280_924_A1CF6U3GF7DZEJ,0,0.73184
5612405_265_A104V8NZIQFN2F,0,0.716719
5613090_326_A1I4CYG5YDFTYM,1,0.571393
5907773_300_A34QZDSTKZ3JO9,1,0.594929
6007042_0_A1I4CYG5YDFTYM,1,0.563487
6018659_227_A104V8NZIQFN2F,1,0.500913
6022867_0_AA7ASGQEOMKEZ,0,0.553402
6027980_507_A1HKYY6XI2OHO1,1,0.808423
6032130_73_A1I4CYG5YDFTYM,1,0.899268
6037518_387_A3CPPBPJ602FG1,0,0.917746
6042475_741_A1J0GU26323WVA,0,0.81787
6042475_741_A2OZTBCBOCHF9E,0,0.855724
6103587_0_A1DJNUJZN8FE7N,0,0.741459
6131389_93_A2JKETV64OU7DY,0,0.550476
6212507_226_A2QVMCGDLTWV9,0,0.821442
6511026_202_AE861G0AY5RGT,0,0.721271
6537714_58_A104V8NZIQFN2F,1,0.654853
6539424_272_A2GHGJP29KRWOQ,0,0.844776
6540450_156_A2JKETV64OU7DY,1,0.568135
6812058_668_A1CF6U3GF7DZEJ,0,0.677419
6812570_102_A1CF6U3GF7DZEJ,1,0.588923
6812570_102_A1I4CYG5YDFTYM,1,0.691042
6898911_142_A1I4CYG5YDFTYM,0,0.586266
6953351_131_A104V8NZIQFN2F,0,0.651569
7010246_188_A1HKYY6XI2OHO1,1,0.871332
7192051_342_A1DJNUJZN8FE7N,0,0.780779
7228812_179_A3GNQDFPZALU92,1,0.644808
7326661_150_A1CF6U3GF7DZEJ,1,0.696903
7441792_159_A34QZDSTKZ3JO9,0,0.814162
7950152_326_A2GHGJP29KRWOQ,1,0.572226
7951527_155_A1I4CYG5YDFTYM,1,0.708988
7951620_515_A34QZDSTKZ3JO9,1,0.507322
7957857_376_A1I4CYG5YDFTYM,1,0.89734
7968605_907_A1CF6U3GF7DZEJ,0,0.624816
7979843_984_A1I4CYG5YDFTYM,1,0.779383
8360040_330_A34QZDSTKZ3JO9,0,0.672435
8390305_345_A1HKYY6XI2OHO1,1,0.655764
8390305_345_A3TKD7EJ6BM0M5,1,0.570181
8391093_336_A1LZPWVZRTUZD0,1,0.549466
8470645_137_A34QZDSTKZ3JO9,0,0.911504
8692446_231_A3GNQDFPZALU92,1,0.624481
8828991_581_A3TKD7EJ6BM0M5,1,0.556941
8835812_0_A34QZDSTKZ3JO9,1,0.661904
9183882_51_A1I4CYG5YDFTYM,1,0.638077
9306087_441_A1HKYY6XI2OHO1,1,0.514395
9311766_52_A2G30CUMM6UXG5,0,0.729919
9419257_180_A104V8NZIQFN2F,0,0.759393
9831959_439_A34QZDSTKZ3JO9,1,0.604012
9944713_389_A104V8NZIQFN2F,0,0.617218
9950396_0_A34QZDSTKZ3JO9,0,0.852638
9952050_384_A1CF6U3GF7DZEJ,1,0.511369
9952573_220_A34QZDSTKZ3JO9,1,0.643526
9975147_345_A138BU1VWM2RKN,0,0.545072
9975147_345_A34QZDSTKZ3JO9,0,0.683177