10095324_0_AE861G0AY5RGT,1,1.0
10095324_382_A3GNQDFPZALU92,1,1.0
10095919_370_A1I4CYG5YDFTYM,0,1.0
10095919_605_A104V8NZIQFN2F,0,1.0
10095919_605_A3GNQDFPZALU92,0,1.0
10095919_605_AB98SGS280TY5,0,1.0
10098012_0_A1CF6U3GF7DZEJ,1,1.0
10098012_0_AB98SGS280TY5,0,1.0
10099242_220_A104V8NZIQFN2F,0,1.0
10099242_220_AJNQ2PBD07FKE,0,1.0
10099242_60_A2D7S8Y2FAUWMC,0,1.0
10099242_60_A34QZDSTKZ3JO9,1,1.0
10099723_83_A34QZDSTKZ3JO9,0,1.0
10100991_0_A104V8NZIQFN2F,0,1.0
10100991_0_AE861G0AY5RGT,1,1.0
10100991_320_A104V8NZIQFN2F,0,1.0
10100991_320_A34QZDSTKZ3JO9,0,1.0
10100991_415_A34QZDSTKZ3JO9,1,1.0
10224008_601_A1DJNUJZN8FE7N,0,1.0
10224008_80_A1DJNUJZN8FE7N,0,1.0
10224439_333_A1I4CYG5YDFTYM,0,1.0
10224439_333_APW9F8OTJ4KXO,1,1.0
10224439_92_A104V8NZIQFN2F,1,1.0
10224439_92_A1I4CYG5YDFTYM,1,1.0
10225342_88_A104V8NZIQFN2F,1,1.0
10226499_137_A104V8NZIQFN2F,1,1.0
10226499_137_A2GHGJP29KRWOQ,1,1.0
10226499_137_AE861G0AY5RGT,1,1.0
10226758_0_A2GHGJP29KRWOQ,1,1.0
10226758_89_A34QZDSTKZ3JO9,1,1.0
10228010_115_A104V8NZIQFN2F,1,1.0
10228010_115_A34QZDSTKZ3JO9,0,1.0
10228010_160_A1HKYY6XI2OHO1,0,1.0
10228010_216_A1I4CYG5YDFTYM,1,1.0
10228010_216_AE861G0AY5RGT,1,1.0
10228010_216_APW9F8OTJ4KXO,1,1.0
10228010_74_A1I4CYG5YDFTYM,1,1.0
10228010_74_AE861G0AY5RGT,0,1.0
10338469_90_A1HKYY6XI2OHO1,0,1.0
10338469_9_A1CF6U3GF7DZEJ,1,1.0
10338783_127_A2GHGJP29KRWOQ,1,1.0
10338783_127_A34QZDSTKZ3JO9,1,1.0
10340252_358_AE861G0AY5RGT,1,1.0
10344127_538_A1I4CYG5YDFTYM,0,1.0
10344127_538_AE861G0AY5RGT,1,1.0
10346152_0_A2JKETV64OU7DY,0,1.0
10346152_389_A1I4CYG5YDFTYM,1,1.0
10346152_389_A34QZDSTKZ3JO9,0,1.0
10396017_195_A1DJNUJZN8FE7N,0,1.0
10396017_359_A1CF6U3GF7DZEJ,0,1.0
10396017_407_A1CF6U3GF7DZEJ,1,1.0
10526193_653_A104V8NZIQFN2F,0,1.0
10526193_653_AE861G0AY5RGT,1,1.0
10527395_0_A1CF6U3GF7DZEJ,1,1.0
10527395_0_A1I4CYG5YDFTYM,0,1.0
10527961_276_A2GHGJP29KRWOQ,0,1.0
10752636_0_A1CF6U3GF7DZEJ,0,1.0
10767327_380_A1DJNUJZN8FE7N,0,1.0
10944255_438_A1DJNUJZN8FE7N,1,1.0
10944255_438_A3C9GGDXBZW62D,1,1.0
10944652_774_A104V8NZIQFN2F,1,1.0
10944652_774_A2QVMCGDLTWV9,0,1.0
10944652_774_AE861G0AY5RGT,0,1.0
10945584_337_A1I4CYG5YDFTYM,0,1.0
10948971_0_A34QZDSTKZ3JO9,0,1.0
10948971_587_A104V8NZIQFN2F,1,1.0
10948971_587_AE861G0AY5RGT,1,1.0
10951533_475_A1I4CYG5YDFTYM,1,1.0
10951533_475_A34QZDSTKZ3JO9,0,1.0
10951533_599_A104V8NZIQFN2F,1,1.0
11160920_233_AA7ASGQEOMKEZ,0,1.0
11163128_8_AE861G0AY5RGT,0,1.0
11163402_167_A1DJNUJZN8FE7N,1,1.0
11163402_167_A1N1T17XTPEEK5,0,1.0
11163402_167_A34QZDSTKZ3JO9,1,1.0
11163402_303_A2OZTBCBOCHF9E,0,1.0
11163402_303_A34QZDSTKZ3JO9,0,1.0
11163402_404_A34QZDSTKZ3JO9,0,1.0
11163402_404_A3TKD7EJ6BM0M5,1,1.0
11163651_56_AE861G0AY5RGT,0,1.0
11179191_628_A1HKYY6XI2OHO1,0,1.0
11320634_0_A34QZDSTKZ3JO9,0,1.0
11320634_387_AE861G0AY5RGT,1,1.0
11403407_198_A1DJNUJZN8FE7N,1,1.0
11403407_23_A104V8NZIQFN2F,1,1.0
11403407_23_A1LZPWVZRTUZD0,0,1.0
11403441_274_A1CF6U3GF7DZEJ,1,1.0
11403606_72_A1CF6U3GF7DZEJ,1,1.0
11404170_84_AE861G0AY5RGT,1,1.0
11404235_0_A1DJNUJZN8FE7N,1,1.0
11404235_186_AA7ASGQEOMKEZ,0,1.0
11404235_276_A3TKD7EJ6BM0M5,0,1.0
11404377_158_A247LJDZOGXJK6,0,1.0
11404549_402_A1LZPWVZRTUZD0,1,1.0
11404549_402_A34QZDSTKZ3JO9,1,1.0
11404549_402_AA7ASGQEOMKEZ,0,1.0
11405532_601_AE861G0AY5RGT,1,1.0
11408115_0_A1DJNUJZN8FE7N,0,1.0
11408115_0_A34QZDSTKZ3JO9,0,1.0
11408115_0_APW9F8OTJ4KXO,1,1.0
11408162_263_A1CF6U3GF7DZEJ,0,1.0
11408162_263_A3GNQDFPZALU92,1,1.0
11408162_344_A1DJNUJZN8FE7N,1,1.0
11408162_344_A247LJDZOGXJK6,0,1.0
11408162_382_APW9F8OTJ4KXO,0,1.0
11408807_126_A104V8NZIQFN2F,1,1.0
11408807_126_A247LJDZOGXJK6,0,1.0
11408927_12_A104V8NZIQFN2F,0,1.0
11408927_175_A2GHGJP29KRWOQ,1,1.0
11410953_108_A1DJNUJZN8FE7N,1,1.0
11410953_108_A2GHGJP29KRWOQ,0,1.0
11411383_0_A104V8NZIQFN2F,0,1.0
11411383_0_APW9F8OTJ4KXO,1,1.0
11411383_255_A1DJNUJZN8FE7N,1,1.0
11417696_0_A1CF6U3GF7DZEJ,1,1.0
11417696_0_A247LJDZOGXJK6,0,1.0
11417696_0_A34QZDSTKZ3JO9,1,1.0
11417696_950_AA7ASGQEOMKEZ,0,1.0
11448878_687_A34QZDSTKZ3JO9,0,1.0
11448878_687_APW9F8OTJ4KXO,1,1.0
11448878_901_A1HKYY6XI2OHO1,0,1.0
11520908_520_AE861G0AY5RGT,1,1.0
11520908_55_A1I4CYG5YDFTYM,0,1.0
11520908_55_A34QZDSTKZ3JO9,1,1.0
11520908_55_APW9F8OTJ4KXO,0,1.0
11523833_166_A1CF6U3GF7DZEJ,0,1.0
11523833_166_A1I4CYG5YDFTYM,1,1.0
11523833_166_A34QZDSTKZ3JO9,1,1.0
11526420_122_A34QZDSTKZ3JO9,1,1.0
11526420_122_APW9F8OTJ4KXO,0,1.0
11540283_213_A34QZDSTKZ3JO9,1,1.0
11540283_213_AA7ASGQEOMKEZ,0,1.0
11540283_291_A2QVMCGDLTWV9,1,1.0
11541348_56_A1OYYWJ2B7OQTD,1,1.0
11541348_56_A34QZDSTKZ3JO9,0,1.0
11650201_63_A104V8NZIQFN2F,0,1.0
11652915_304_A104V8NZIQFN2F,1,1.0
11652915_304_A34QZDSTKZ3JO9,1,1.0
11653691_291_A1DJNUJZN8FE7N,1,1.0
11653691_291_AE861G0AY5RGT,0,1.0
11653691_737_A5TI9UQEPLNWI,1,1.0
11653691_737_AE861G0AY5RGT,1,1.0
11666716_0_A34QZDSTKZ3JO9,0,1.0
11670926_107_A1DJNUJZN8FE7N,1,1.0
11891193_127_A104V8NZIQFN2F,0,1.0
11891193_127_A34QZDSTKZ3JO9,1,1.0
11891193_261_A1CF6U3GF7DZEJ,0,1.0
11891193_331_A1CF6U3GF7DZEJ,1,1.0
11891193_331_A3TKD7EJ6BM0M5,0,1.0
11891553_0_A34QZDSTKZ3JO9,1,1.0
11891604_674_A1I4CYG5YDFTYM,1,1.0
11891604_674_A1LZPWVZRTUZD0,1,1.0
11892792_20_A1I4CYG5YDFTYM,0,1.0
11893023_0_A3TKD7EJ6BM0M5,0,1.0
11893023_269_A3GNQDFPZALU92,1,1.0
11894812_0_A1I4CYG5YDFTYM,1,1.0
11894812_0_A34QZDSTKZ3JO9,1,1.0
11894913_488_A1DJNUJZN8FE7N,0,1.0
11894913_488_A34QZDSTKZ3JO9,1,1.0
11894913_488_AA7ASGQEOMKEZ,0,1.0
11894913_633_A1HKYY6XI2OHO1,0,1.0
11896947_661_A1HKYY6XI2OHO1,1,1.0
11896947_661_A1I4CYG5YDFTYM,1,1.0
11896947_661_A34QZDSTKZ3JO9,1,1.0
11900472_0_A3PILUAB7LZGWQ,0,1.0
11900472_0_AE861G0AY5RGT,1,1.0
11913541_655_A34QZDSTKZ3JO9,0,1.0
11917910_290_AE861G0AY5RGT,1,1.0
11917910_687_A1DJNUJZN8FE7N,1,1.0
11963803_459_A1I4CYG5YDFTYM,0,1.0
11965227_391_A1CF6U3GF7DZEJ,1,1.0
11965227_391_A3TKD7EJ6BM0M5,1,1.0
11965227_789_A104V8NZIQFN2F,0,1.0
11965482_699_AE861G0AY5RGT,0,1.0
11965482_783_A1LZPWVZRTUZD0,1,1.0
11966497_38_A3TKD7EJ6BM0M5,1,1.0
11966497_451_A247LJDZOGXJK6,0,1.0
11967782_364_A104V8NZIQFN2F,0,1.0
11967782_85_A1DJNUJZN8FE7N,1,1.0
11968452_189_A3GNQDFPZALU92,1,1.0
11968452_189_AE861G0AY5RGT,0,1.0
11968452_94_A1I4CYG5YDFTYM,0,1.0
11968452_94_A34QZDSTKZ3JO9,0,1.0
11970354_200_A34QZDSTKZ3JO9,1,1.0
11970354_200_AYFOAD75CRBKE,1,1.0
11970354_282_A2GHGJP29KRWOQ,0,1.0
11970354_282_AE861G0AY5RGT,1,1.0
12002102_0_AD8UJKT5HYGNJ,0,1.0
12004909_78_A104V8NZIQFN2F,0,1.0
12004909_78_A1LZPWVZRTUZD0,0,1.0
12005807_119_A34QZDSTKZ3JO9,1,1.0
12009673_756_A1CF6U3GF7DZEJ,0,1.0
12010736_0_A34QZDSTKZ3JO9,0,1.0
12010736_0_AE861G0AY5RGT,1,1.0
12012725_373_A1DJNUJZN8FE7N,0,1.0
12012725_373_A34QZDSTKZ3JO9,1,1.0
12012725_716_A1DJNUJZN8FE7N,0,1.0
12013086_0_A1DJNUJZN8FE7N,0,1.0
12013086_252_A34QZDSTKZ3JO9,1,1.0
12013086_252_A3C9GGDXBZW62D,1,1.0
12013086_330_A1HKYY6XI2OHO1,1,1.0
12013086_330_AE861G0AY5RGT,0,1.0
12013181_785_APW9F8OTJ4KXO,1,1.0
12014464_0_AYFOAD75CRBKE,1,1.0
12014627_104_A104V8NZIQFN2F,1,1.0
12014627_104_AB98SGS280TY5,0,1.0
12015274_343_A1CF6U3GF7DZEJ,0,1.0
12015274_65_A1CF6U3GF7DZEJ,1,1.0
12015274_65_A34QZDSTKZ3JO9,1,1.0
12015274_65_A3GNQDFPZALU92,0,1.0
12016993_732_AYFOAD75CRBKE,0,1.0
12017128_84_A104V8NZIQFN2F,1,1.0
12017128_84_AB98SGS280TY5,0,1.0
12017128_84_AGRKG3YT3KMD8,1,1.0
12017622_409_A2OZTBCBOCHF9E,1,1.0
12018473_444_AB98SGS280TY5,0,1.0
12070390_173_A1HKYY6XI2OHO1,0,1.0
12070390_173_A3TKD7EJ6BM0M5,1,1.0
12074325_327_A34QZDSTKZ3JO9,0,1.0
12074325_327_AA7ASGQEOMKEZ,1,1.0
12099899_0_A1HKYY6XI2OHO1,1,1.0
12100570_124_A138BU1VWM2RKN,0,1.0
12118061_0_A1I4CYG5YDFTYM,1,1.0
12404722_129_A1I4CYG5YDFTYM,0,1.0
12404722_129_A34QZDSTKZ3JO9,1,1.0
12404722_129_AE861G0AY5RGT,0,1.0
12408129_0_AE861G0AY5RGT,0,1.0
12408877_279_A1CF6U3GF7DZEJ,1,1.0
12412641_198_A34QZDSTKZ3JO9,0,1.0
12412641_198_APW9F8OTJ4KXO,0,1.0
12412641_322_A1I4CYG5YDFTYM,1,1.0
12418818_0_A1DJNUJZN8FE7N,0,1.0
12418818_389_A247LJDZOGXJK6,1,1.0
12534617_179_A2G30CUMM6UXG5,0,1.0
12534617_60_A1HKYY6XI2OHO1,1,1.0
12535548_0_A34QZDSTKZ3JO9,0,1.0
12536410_1025_A34QZDSTKZ3JO9,1,1.0
12536410_143_A1I4CYG5YDFTYM,0,1.0
12536410_143_A2QVMCGDLTWV9,1,1.0
12536410_143_AE861G0AY5RGT,1,1.0
12536410_355_A34QZDSTKZ3JO9,1,1.0
12536410_694_A2JKETV64OU7DY,0,1.0
12538582_0_A1CF6U3GF7DZEJ,1,1.0
12538582_0_AGRKG3YT3KMD8,1,1.0
12538747_447_A3TKD7EJ6BM0M5,0,1.0
12538747_447_APW9F8OTJ4KXO,0,1.0
12538804_183_AD8UJKT5HYGNJ,1,1.0
12628676_554_A1CF6U3GF7DZEJ,0,1.0
12628825_223_A1DJNUJZN8FE7N,1,1.0
12628825_223_APW9F8OTJ4KXO,0,1.0
12629542_220_A1CF6U3GF7DZEJ,1,1.0
12631076_0_A1I4CYG5YDFTYM,1,1.0
12631449_413_A34QZDSTKZ3JO9,0,1.0
12631449_628_A104V8NZIQFN2F,1,1.0
12631449_628_A1LZPWVZRTUZD0,1,1.0
12631449_628_A34QZDSTKZ3JO9,1,1.0
12633427_954_AE861G0AY5RGT,0,1.0
12649273_121_A34QZDSTKZ3JO9,0,1.0
12724989_0_A1DJNUJZN8FE7N,1,1.0
12724989_0_A1HKYY6XI2OHO1,0,1.0
12727262_0_A34QZDSTKZ3JO9,1,1.0
12770824_514_A1CF6U3GF7DZEJ,0,1.0
12770824_514_A3GNQDFPZALU92,0,1.0
12997439_0_AE861G0AY5RGT,1,1.0
13038883_165_A3C9GGDXBZW62D,0,1.0
13038883_345_A1Z6F664MYBMVI,1,1.0
13038883_57_A1CF6U3GF7DZEJ,0,1.0
13039830_179_A1CF6U3GF7DZEJ,1,1.0
13039830_179_AB98SGS280TY5,1,1.0
13039830_289_A247LJDZOGXJK6,1,1.0
13039956_0_A104V8NZIQFN2F,0,1.0
13040340_0_AYFOAD75CRBKE,0,1.0
13068403_151_A1DJNUJZN8FE7N,1,1.0
13068403_151_AYFOAD75CRBKE,0,1.0
13081146_0_A1CF6U3GF7DZEJ,0,1.0
13081146_0_A1DJNUJZN8FE7N,1,1.0
13081146_0_A1I4CYG5YDFTYM,1,1.0
13237789_116_A247LJDZOGXJK6,1,1.0
13237789_21_A1DJNUJZN8FE7N,0,1.0
13237789_21_A3C9GGDXBZW62D,0,1.0
13237789_79_A34QZDSTKZ3JO9,0,1.0
13238401_0_A1CF6U3GF7DZEJ,0,1.0
13273414_0_A1CF6U3GF7DZEJ,0,1.0
13303812_159_A2GHGJP29KRWOQ,0,1.0
13316560_357_A2JKETV64OU7DY,1,1.0
13316560_422_AE861G0AY5RGT,0,1.0
13319707_244_AE861G0AY5RGT,1,1.0
13319707_476_A1DJNUJZN8FE7N,0,1.0
13319707_476_A34QZDSTKZ3JO9,1,1.0
13320024_249_A104V8NZIQFN2F,0,1.0
13320024_249_A34QZDSTKZ3JO9,1,1.0
13321356_0_A1I4CYG5YDFTYM,0,1.0
13321356_0_A3GNQDFPZALU92,0,1.0
13556994_112_A34QZDSTKZ3JO9,1,1.0
13557962_5_A104V8NZIQFN2F,0,1.0
13557962_5_A1CF6U3GF7DZEJ,1,1.0
13563613_293_A1I4CYG5YDFTYM,0,1.0
13563613_293_A34QZDSTKZ3JO9,1,1.0
13651544_37_AYFOAD75CRBKE,0,1.0
13651544_444_A104V8NZIQFN2F,0,1.0
13652278_0_A1DJNUJZN8FE7N,0,1.0
13652278_0_A34QZDSTKZ3JO9,1,1.0
13652278_0_APW9F8OTJ4KXO,0,1.0
13653112_150_A1CF6U3GF7DZEJ,0,1.0
13657334_0_A104V8NZIQFN2F,0,1.0
13657334_419_A1CF6U3GF7DZEJ,0,1.0
13657334_419_A34QZDSTKZ3JO9,1,1.0
13657334_419_A3TKD7EJ6BM0M5,0,1.0
13657334_547_A34QZDSTKZ3JO9,1,1.0
13657334_547_A3TKD7EJ6BM0M5,1,1.0
13659246_229_A104V8NZIQFN2F,1,1.0
13659246_365_A1I4CYG5YDFTYM,0,1.0
13659246_465_A104V8NZIQFN2F,0,1.0
13678655_0_A1DJNUJZN8FE7N,1,1.0
13678921_0_AE861G0AY5RGT,0,1.0
13678921_0_APW9F8OTJ4KXO,0,1.0
13725505_126_A34QZDSTKZ3JO9,1,1.0
13725505_253_A1I4CYG5YDFTYM,1,1.0
2261238_0_A1I4CYG5YDFTYM,1,1.0
2262077_390_A1CF6U3GF7DZEJ,0,1.0
2263627_87_A1CF6U3GF7DZEJ,0,1.0
2264065_190_A1DJNUJZN8FE7N,1,1.0
2264065_190_A1LZPWVZRTUZD0,0,1.0
2264065_190_APW9F8OTJ4KXO,1,1.0
2264611_618_A1CF6U3GF7DZEJ,1,1.0
2264611_65_AA7ASGQEOMKEZ,1,1.0
2264964_161_A104V8NZIQFN2F,1,1.0
2272145_300_A34QZDSTKZ3JO9,1,1.0
2323205_193_A1HKYY6XI2OHO1,0,1.0
2323205_193_AA7ASGQEOMKEZ,1,1.0
2323212_0_A34QZDSTKZ3JO9,0,1.0
2323212_234_A1DJNUJZN8FE7N,0,1.0
2323212_234_AE861G0AY5RGT,0,1.0
2326100_179_A1DJNUJZN8FE7N,1,1.0
2326100_179_A1I4CYG5YDFTYM,1,1.0
2326100_375_A104V8NZIQFN2F,1,1.0
2326100_375_A1CF6U3GF7DZEJ,0,1.0
2326100_375_APQU1QQ738JV9,1,1.0
2338618_976_A247LJDZOGXJK6,0,1.0
2340838_291_A2GHGJP29KRWOQ,1,1.0
2341049_117_A104V8NZIQFN2F,1,1.0
2341049_117_A34QZDSTKZ3JO9,0,1.0
2564576_760_AB98SGS280TY5,0,1.0
2565365_0_A1DJNUJZN8FE7N,0,1.0
2565476_386_A104V8NZIQFN2F,0,1.0
2566415_0_A34QZDSTKZ3JO9,0,1.0
2566415_0_AB98SGS280TY5,0,1.0
2567078_365_AYFOAD75CRBKE,1,1.0
2653827_630_A1CF6U3GF7DZEJ,1,1.0
2654957_283_A1CF6U3GF7DZEJ,0,1.0
2654957_283_A34QZDSTKZ3JO9,0,1.0
2655159_153_A104V8NZIQFN2F,1,1.0
2655497_381_A1I4CYG5YDFTYM,0,1.0
2655497_381_A34QZDSTKZ3JO9,0,1.0
2655497_381_APW9F8OTJ4KXO,0,1.0
2655810_227_A2QVMCGDLTWV9,0,1.0
2655810_227_APW9F8OTJ4KXO,0,1.0
2655810_361_A2D7S8Y2FAUWMC,1,1.0
2657396_121_A1I4CYG5YDFTYM,1,1.0
2657396_81_A247LJDZOGXJK6,1,1.0
2657567_79_A1V6JYTPVEMI7S,1,1.0
2657567_79_A2JKETV64OU7DY,0,1.0
2698446_334_A34QZDSTKZ3JO9,1,1.0
2698616_0_A1CF6U3GF7DZEJ,0,1.0
2698806_141_A1HKYY6XI2OHO1,1,1.0
2698806_141_A1I4CYG5YDFTYM,0,1.0
2698806_345_A104V8NZIQFN2F,0,1.0
2699104_481_A1FBBY2JJYRMRI,1,1.0
2699104_481_AE861G0AY5RGT,0,1.0
2699263_158_AA7ASGQEOMKEZ,1,1.0
2699263_158_AE861G0AY5RGT,1,1.0
2699263_426_APW9F8OTJ4KXO,1,1.0
2699299_188_A34QZDSTKZ3JO9,0,1.0
2699384_0_A34QZDSTKZ3JO9,0,1.0
2699384_115_A1DJNUJZN8FE7N,1,1.0
2699384_191_A34QZDSTKZ3JO9,1,1.0
2699384_479_A34QZDSTKZ3JO9,0,1.0
2699384_479_AE861G0AY5RGT,0,1.0
2699528_384_A34QZDSTKZ3JO9,0,1.0
2699541_170_A1DJNUJZN8FE7N,0,1.0
2699604_345_A1CF6U3GF7DZEJ,1,1.0
2699604_345_A34QZDSTKZ3JO9,0,1.0
2699604_345_AE861G0AY5RGT,0,1.0
2699604_696_A34QZDSTKZ3JO9,0,1.0
2699622_455_A1I4CYG5YDFTYM,0,1.0
2699711_361_A104V8NZIQFN2F,0,1.0
2699711_361_AB98SGS280TY5,0,1.0
2699711_361_AE861G0AY5RGT,0,1.0
2699711_361_AJNQ2PBD07FKE,1,1.0
2699780_0_AE861G0AY5RGT,0,1.0
2699780_104_A1DJNUJZN8FE7N,0,1.0
2699780_104_A1HKYY6XI2OHO1,1,1.0
2699780_104_A34QZDSTKZ3JO9,0,1.0
2699822_167_A3TKD7EJ6BM0M5,0,1.0
2700020_281_A1DJNUJZN8FE7N,1,1.0
2700020_649_A1DJNUJZN8FE7N,1,1.0
2700020_649_A34QZDSTKZ3JO9,1,1.0
2700020_649_A3C9GGDXBZW62D,0,1.0
2700703_505_A1CF6U3GF7DZEJ,1,1.0
2700850_116_A104V8NZIQFN2F,1,1.0
2700850_116_A1HKYY6XI2OHO1,0,1.0
2700850_116_A34QZDSTKZ3JO9,1,1.0
2700850_221_A104V8NZIQFN2F,0,1.0
2700850_221_AJNQ2PBD07FKE,1,1.0
2700862_1163_AE861G0AY5RGT,0,1.0
2700862_178_AE861G0AY5RGT,1,1.0
2700862_407_AE861G0AY5RGT,0,1.0
2700867_102_A1HKYY6XI2OHO1,0,1.0
2700867_102_APW9F8OTJ4KXO,1,1.0
2701138_335_A1I4CYG5YDFTYM,1,1.0
2701138_335_A34QZDSTKZ3JO9,0,1.0
2701138_335_A3TKD7EJ6BM0M5,0,1.0
2701458_582_A138BU1VWM2RKN,1,1.0
2701458_582_A1LZPWVZRTUZD0,1,1.0
2701458_582_A247LJDZOGXJK6,1,1.0
2701458_582_A34QZDSTKZ3JO9,0,1.0
2852843_141_A2JKETV64OU7DY,1,1.0
2852843_141_APW9F8OTJ4KXO,1,1.0
2854900_163_AE861G0AY5RGT,1,1.0
2876711_397_A1I4CYG5YDFTYM,0,1.0
2876850_76_AE861G0AY5RGT,0,1.0
2880029_0_A247LJDZOGXJK6,1,1.0
3122593_214_A1DJNUJZN8FE7N,1,1.0
3122593_214_APW9F8OTJ4KXO,1,1.0
3122635_27_A2QVMCGDLTWV9,0,1.0
3122635_27_A34QZDSTKZ3JO9,0,1.0
3122635_27_A3TKD7EJ6BM0M5,1,1.0
3122701_455_APW9F8OTJ4KXO,1,1.0
3123005_530_APW9F8OTJ4KXO,0,1.0
3123867_109_A1I4CYG5YDFTYM,0,1.0
3123867_377_A104V8NZIQFN2F,1,1.0
3123867_377_A1I4CYG5YDFTYM,1,1.0
3124188_719_AE861G0AY5RGT,0,1.0
3124188_800_A2QVMCGDLTWV9,1,1.0
3124932_0_A104V8NZIQFN2F,1,1.0
3124932_0_AYFOAD75CRBKE,0,1.0
3124932_109_A1I4CYG5YDFTYM,0,1.0
3124932_109_A34QZDSTKZ3JO9,1,1.0
3124932_109_A3PILUAB7LZGWQ,1,1.0
3125041_200_A34QZDSTKZ3JO9,1,1.0
3125041_388_AE861G0AY5RGT,0,1.0
3125279_227_A1DJNUJZN8FE7N,0,1.0
3127716_968_A1HKYY6XI2OHO1,0,1.0
3127716_968_A1I4CYG5YDFTYM,0,1.0
3170953_334_A1I4CYG5YDFTYM,0,1.0
3171678_0_A1DJNUJZN8FE7N,1,1.0
3171678_0_AE861G0AY5RGT,1,1.0
3171944_387_A247LJDZOGXJK6,0,1.0
3172268_382_A1I4CYG5YDFTYM,1,1.0
3173925_242_A1I4CYG5YDFTYM,1,1.0
3174640_228_A34QZDSTKZ3JO9,0,1.0
3175089_0_A1LZPWVZRTUZD0,1,1.0
3175179_500_AE861G0AY5RGT,1,1.0
3176054_0_A1CF6U3GF7DZEJ,0,1.0
3176054_0_A2JKETV64OU7DY,0,1.0
3176054_0_A2QVMCGDLTWV9,1,1.0
3176054_290_A1DJNUJZN8FE7N,1,1.0
3176133_380_A1LZPWVZRTUZD0,0,1.0
3188226_172_A2QVMCGDLTWV9,0,1.0
3231965_291_A2QVMCGDLTWV9,0,1.0
3234363_0_A1CF6U3GF7DZEJ,1,1.0
3234363_899_A1CF6U3GF7DZEJ,1,1.0
3235190_0_A1I4CYG5YDFTYM,0,1.0
3235190_0_A247LJDZOGXJK6,0,1.0
3235190_0_A34QZDSTKZ3JO9,1,1.0
3235190_166_A2QVMCGDLTWV9,0,1.0
3235302_207_A3PILUAB7LZGWQ,0,1.0
3235492_212_A104V8NZIQFN2F,0,1.0
3235492_212_A1CF6U3GF7DZEJ,1,1.0
3235492_212_A1I4CYG5YDFTYM,1,1.0
3281388_291_A2GHGJP29KRWOQ,0,1.0
3282462_247_A34QZDSTKZ3JO9,1,1.0
3282588_59_A1DJNUJZN8FE7N,1,1.0
3282588_59_A34QZDSTKZ3JO9,1,1.0
3285182_252_A1LZPWVZRTUZD0,0,1.0
3285182_252_A34QZDSTKZ3JO9,1,1.0
3285182_74_APW9F8OTJ4KXO,1,1.0
3302960_57_A1I4CYG5YDFTYM,1,1.0
3526042_138_A3TKD7EJ6BM0M5,1,1.0
3526042_87_A1CF6U3GF7DZEJ,0,1.0
3637150_0_A1DJNUJZN8FE7N,1,1.0
3637150_0_A1I4CYG5YDFTYM,0,1.0
3637150_168_A3TKD7EJ6BM0M5,1,1.0
3637150_168_AE861G0AY5RGT,1,1.0
3638806_0_A34QZDSTKZ3JO9,0,1.0
3639142_81_A104V8NZIQFN2F,0,1.0
3639835_338_A1CF6U3GF7DZEJ,1,1.0
3639835_338_A34QZDSTKZ3JO9,0,1.0
3639835_338_A3PILUAB7LZGWQ,1,1.0
3639835_338_AA7ASGQEOMKEZ,1,1.0
3647415_356_A1CF6U3GF7DZEJ,1,1.0
3647415_356_A1HKYY6XI2OHO1,0,1.0
3647415_356_A3TKD7EJ6BM0M5,1,1.0
3647761_443_A1CF6U3GF7DZEJ,1,1.0
3647761_443_A34QZDSTKZ3JO9,0,1.0
3647761_443_APW9F8OTJ4KXO,0,1.0
3649631_140_A1CF6U3GF7DZEJ,1,1.0
3649631_140_A247LJDZOGXJK6,1,1.0
3649631_140_AE861G0AY5RGT,1,1.0
3649694_0_A104V8NZIQFN2F,1,1.0
3649694_0_A1HKYY6XI2OHO1,1,1.0
3649706_204_A104V8NZIQFN2F,0,1.0
3649706_204_A3GNQDFPZALU92,1,1.0
3649706_974_A34QZDSTKZ3JO9,0,1.0
3649836_172_A1DJNUJZN8FE7N,1,1.0
3649836_172_A1HKYY6XI2OHO1,0,1.0
3651071_0_A1DJNUJZN8FE7N,0,1.0
3651071_0_A1I4CYG5YDFTYM,0,1.0
3651071_0_A34QZDSTKZ3JO9,0,1.0
3651071_117_A1CF6U3GF7DZEJ,0,1.0
3651071_117_APW9F8OTJ4KXO,1,1.0
3651490_320_A104V8NZIQFN2F,1,1.0
3651490_320_A3GNQDFPZALU92,0,1.0
4060466_260_A34QZDSTKZ3JO9,0,1.0
4060466_260_AB98SGS280TY5,1,1.0
4062079_356_A3TKD7EJ6BM0M5,1,1.0
4062443_409_A1I4CYG5YDFTYM,0,1.0
4062443_409_A34QZDSTKZ3JO9,0,1.0
4062498_218_A247LJDZOGXJK6,1,1.0
4062498_730_A34QZDSTKZ3JO9,0,1.0
4062498_730_AE861G0AY5RGT,1,1.0
4063299_234_A34QZDSTKZ3JO9,1,1.0
4063299_234_APW9F8OTJ4KXO,0,1.0
4063639_595_A1HKYY6XI2OHO1,0,1.0
4063639_595_A1I4CYG5YDFTYM,0,1.0
4070387_142_A1I4CYG5YDFTYM,1,1.0
4070387_142_A1LZPWVZRTUZD0,1,1.0
4264489_681_A247LJDZOGXJK6,0,1.0
4366654_0_A1HKYY6XI2OHO1,1,1.0
4366654_0_A34QZDSTKZ3JO9,0,1.0
4367042_282_A1CF6U3GF7DZEJ,1,1.0
4367203_79_A2GHGJP29KRWOQ,0,1.0
4367468_215_A1DJNUJZN8FE7N,1,1.0
4367468_215_APW9F8OTJ4KXO,1,1.0
4368020_366_A1HKYY6XI2OHO1,1,1.0
4370444_0_A34QZDSTKZ3JO9,1,1.0
4371131_519_AE861G0AY5RGT,1,1.0
4371398_686_A104V8NZIQFN2F,1,1.0
4371398_686_A1CF6U3GF7DZEJ,1,1.0
4371398_686_A1LZPWVZRTUZD0,0,1.0
4373275_172_A1HKYY6XI2OHO1,0,1.0
4373275_172_A2QVMCGDLTWV9,0,1.0
4373275_395_A34QZDSTKZ3JO9,0,1.0
4389032_79_A1DJNUJZN8FE7N,1,1.0
4389032_79_A34QZDSTKZ3JO9,0,1.0
4389032_79_AE861G0AY5RGT,0,1.0
4425252_187_A247LJDZOGXJK6,1,1.0
4425625_19_A1DJNUJZN8FE7N,0,1.0
4425625_274_A247LJDZOGXJK6,1,1.0
4425625_274_A34QZDSTKZ3JO9,1,1.0
4425815_162_A34QZDSTKZ3JO9,1,1.0
4425815_162_A3PILUAB7LZGWQ,0,1.0
4426679_112_A1CF6U3GF7DZEJ,1,1.0
4426679_112_A1I4CYG5YDFTYM,1,1.0
4426679_22_AE861G0AY5RGT,0,1.0
4426679_537_A34QZDSTKZ3JO9,1,1.0
4427401_711_AE861G0AY5RGT,1,1.0
4441037_436_A34QZDSTKZ3JO9,0,1.0
4441037_436_APW9F8OTJ4KXO,0,1.0
4581165_101_A34QZDSTKZ3JO9,0,1.0
4583769_0_AE861G0AY5RGT,1,1.0
4592399_454_A34QZDSTKZ3JO9,0,1.0
4592432_277_A2GHGJP29KRWOQ,1,1.0
4592517_0_A3PILUAB7LZGWQ,1,1.0
4594455_0_A1HKYY6XI2OHO1,1,1.0
4594455_0_A3PILUAB7LZGWQ,1,1.0
4595363_428_A34QZDSTKZ3JO9,1,1.0
4595363_428_APQU1QQ738JV9,1,1.0
4759333_109_A34QZDSTKZ3JO9,0,1.0
4801633_107_A1CF6U3GF7DZEJ,1,1.0
4803078_343_A1DJNUJZN8FE7N,0,1.0
4803078_343_A247LJDZOGXJK6,0,1.0
4803078_343_APW9F8OTJ4KXO,0,1.0
4838707_119_A104V8NZIQFN2F,0,1.0
4838707_119_A34QZDSTKZ3JO9,1,1.0
4838707_179_A1DJNUJZN8FE7N,0,1.0
4839122_716_A104V8NZIQFN2F,1,1.0
4839122_716_AE861G0AY5RGT,0,1.0
4842409_143_A1I4CYG5YDFTYM,1,1.0
4845332_217_A1I4CYG5YDFTYM,0,1.0
4845332_217_AE861G0AY5RGT,1,1.0
4859942_157_AA7ASGQEOMKEZ,1,1.0
4963738_276_A1DJNUJZN8FE7N,0,1.0
4963738_276_A247LJDZOGXJK6,0,1.0
4963738_276_AYFOAD75CRBKE,1,1.0
4964300_0_A104V8NZIQFN2F,1,1.0
4964300_0_A1HKYY6XI2OHO1,1,1.0
4964300_22_A34QZDSTKZ3JO9,1,1.0
4964300_22_AE861G0AY5RGT,0,1.0
4966919_863_A34QZDSTKZ3JO9,0,1.0
4966919_863_A3TKD7EJ6BM0M5,1,1.0
4966940_0_AE861G0AY5RGT,1,1.0
4969447_260_A34QZDSTKZ3JO9,1,1.0
4969473_87_A1DJNUJZN8FE7N,0,1.0
4969473_87_A34QZDSTKZ3JO9,1,1.0
4970171_352_APW9F8OTJ4KXO,1,1.0
5061566_95_AE861G0AY5RGT,1,1.0
5350361_272_A104V8NZIQFN2F,1,1.0
5354126_0_A1CF6U3GF7DZEJ,0,1.0
5356141_153_A1DJNUJZN8FE7N,0,1.0
5356141_153_A34QZDSTKZ3JO9,1,1.0
5357182_129_A34QZDSTKZ3JO9,0,1.0
5358339_27_A1DJNUJZN8FE7N,1,1.0
5358339_27_A2D7S8Y2FAUWMC,1,1.0
5358339_27_APW9F8OTJ4KXO,0,1.0
5360372_635_A34QZDSTKZ3JO9,1,1.0
5360372_742_A1LZPWVZRTUZD0,1,1.0
5360372_89_A104V8NZIQFN2F,0,1.0
5360372_89_A1HKYY6XI2OHO1,0,1.0
5360372_89_A34QZDSTKZ3JO9,1,1.0
5365834_313_AE861G0AY5RGT,0,1.0
5373584_295_A3PILUAB7LZGWQ,0,1.0
5374084_199_A34QZDSTKZ3JO9,1,1.0
5377578_77_A1OYYWJ2B7OQTD,1,1.0
5378052_185_A1CF6U3GF7DZEJ,0,1.0
5378052_185_A34QZDSTKZ3JO9,1,1.0
5382541_184_A1CF6U3GF7DZEJ,1,1.0
5382541_184_AE861G0AY5RGT,1,1.0
5382541_98_A104V8NZIQFN2F,1,1.0
5382541_98_A1I4CYG5YDFTYM,1,1.0
5382541_98_AE861G0AY5RGT,1,1.0
5395087_0_A1DJNUJZN8FE7N,1,1.0
5445253_523_A34QZDSTKZ3JO9,0,1.0
5445924_630_A2JKETV64OU7DY,0,1.0
5445948_0_A1I4CYG5YDFTYM,0,1.0
5445948_307_A247LJDZOGXJK6,0,1.0
5445948_307_APW9F8OTJ4KXO,1,1.0
5445948_346_A2QVMCGDLTWV9,0,1.0
5446557_184_A2OZTBCBOCHF9E,1,1.0
5446557_184_AE861G0AY5RGT,0,1.0
5446784_129_APW9F8OTJ4KXO,1,1.0
5447530_253_A1CF6U3GF7DZEJ,0,1.0
5447530_253_A1I4CYG5YDFTYM,0,1.0
5447530_253_AJNQ2PBD07FKE,0,1.0
5447530_595_A1HKYY6XI2OHO1,0,1.0
5447530_752_A1I4CYG5YDFTYM,1,1.0
5447530_752_A3PILUAB7LZGWQ,0,1.0
5447530_752_AE861G0AY5RGT,1,1.0
5447986_0_A104V8NZIQFN2F,0,1.0
5447986_0_AA7ASGQEOMKEZ,0,1.0
5447986_372_A3C9GGDXBZW62D,0,1.0
5448130_383_A104V8NZIQFN2F,1,1.0
5448130_383_AB98SGS280TY5,1,1.0
5448454_291_A104V8NZIQFN2F,0,1.0
5449342_0_A34QZDSTKZ3JO9,1,1.0
5449342_0_A3GNQDFPZALU92,0,1.0
5449342_67_A1HKYY6XI2OHO1,0,1.0
5449542_0_A104V8NZIQFN2F,0,1.0
5449542_0_A34QZDSTKZ3JO9,1,1.0
5449542_0_A3TKD7EJ6BM0M5,0,1.0
5450307_708_A1DJNUJZN8FE7N,1,1.0
5450307_708_A34QZDSTKZ3JO9,1,1.0
5474672_140_A1DJNUJZN8FE7N,1,1.0
5475504_203_A1I4CYG5YDFTYM,0,1.0
5475504_203_AE861G0AY5RGT,1,1.0
5476726_459_A104V8NZIQFN2F,0,1.0
5476726_459_A1CF6U3GF7DZEJ,0,1.0
5476726_459_A3GNQDFPZALU92,0,1.0
5477096_432_A34QZDSTKZ3JO9,1,1.0
5477096_432_APW9F8OTJ4KXO,1,1.0
5477405_0_AE861G0AY5RGT,1,1.0
5477405_262_A1LZPWVZRTUZD0,0,1.0
5477405_262_A3TKD7EJ6BM0M5,0,1.0
5477731_899_A1I4CYG5YDFTYM,0,1.0
5477940_667_A34QZDSTKZ3JO9,1,1.0
5477994_372_A1HKYY6XI2OHO1,0,1.0
5477994_372_AYFOAD75CRBKE,1,1.0
5480877_361_A1CF6U3GF7DZEJ,1,1.0
5480877_361_AYFOAD75CRBKE,0,1.0
5483718_477_A1OYYWJ2B7OQTD,1,1.0
5483718_477_AE861G0AY5RGT,0,1.0
5490554_85_A34QZDSTKZ3JO9,1,1.0
5518992_134_A1J0GU26323WVA,0,1.0
5518992_134_A3TKD7EJ6BM0M5,1,1.0
5518992_275_APW9F8OTJ4KXO,1,1.0
5518992_364_A1CF6U3GF7DZEJ,1,1.0
5518992_364_A34QZDSTKZ3JO9,1,1.0
5611072_158_A104V8NZIQFN2F,1,1.0
5611379_84_A247LJDZOGXJK6,1,1.0
5611379_84_A34QZDSTKZ3JO9,1,1.0
5612224_338_A1CF6U3GF7DZEJ,1,1.0
5612224_338_A2JKETV64OU7DY,0,1.0
5612224_338_A3TKD7EJ6BM0M5,1,1.0
5612280_615_A34QZDSTKZ3JO9,1,1.0
5612280_615_A3GNQDFPZALU92,1,1.0
5612280_924_A1CF6U3GF7DZEJ,0,1.0
5612405_265_A104V8NZIQFN2F,0,1.0
5612405_265_A1CF6U3GF7DZEJ,1,1.0
5612405_265_A3TKD7EJ6BM0M5,0,1.0
5613090_326_A1I4CYG5YDFTYM,0,1.0
5613090_326_A2QVMCGDLTWV9,0,1.0
5613711_180_A1CF6U3GF7DZEJ,0,1.0
5613711_180_A1OYYWJ2B7OQTD,0,1.0
5613711_180_A34QZDSTKZ3JO9,1,1.0
5615055_0_A1HKYY6XI2OHO1,1,1.0
5615055_0_A2QVMCGDLTWV9,1,1.0
5645380_0_A104V8NZIQFN2F,1,1.0
5645380_0_A3TKD7EJ6BM0M5,0,1.0
5654207_0_A1CF6U3GF7DZEJ,0,1.0
5654207_0_AYFOAD75CRBKE,1,1.0
5899543_0_A1CF6U3GF7DZEJ,0,1.0
5905284_0_A104V8NZIQFN2F,0,1.0
5907773_300_A1DJNUJZN8FE7N,1,1.0
5907773_300_A34QZDSTKZ3JO9,0,1.0
6003165_166_A104V8NZIQFN2F,0,1.0
6003165_166_A34QZDSTKZ3JO9,0,1.0
6003165_166_APW9F8OTJ4KXO,1,1.0
6006832_105_A1I4CYG5YDFTYM,1,1.0
6006832_47_A34QZDSTKZ3JO9,0,1.0
6007042_0_A1I4CYG5YDFTYM,0,1.0
6016899_0_A2QVMCGDLTWV9,1,1.0
6016899_0_AE861G0AY5RGT,1,1.0
6017135_17_A1CF6U3GF7DZEJ,1,1.0
6017135_17_A1I4CYG5YDFTYM,1,1.0
6017135_17_APW9F8OTJ4KXO,0,1.0
6017135_226_A1I4CYG5YDFTYM,1,1.0
6017135_226_APW9F8OTJ4KXO,1,1.0
6017135_72_A1OYYWJ2B7OQTD,1,1.0
6017246_534_A104V8NZIQFN2F,0,1.0
6017246_652_A1CF6U3GF7DZEJ,0,1.0
6017945_213_A1DJNUJZN8FE7N,1,1.0
6018659_227_A104V8NZIQFN2F,0,1.0
6019509_344_A34QZDSTKZ3JO9,0,1.0
6019509_344_AE861G0AY5RGT,1,1.0
6022328_10_A1CF6U3GF7DZEJ,0,1.0
6022328_10_A34QZDSTKZ3JO9,0,1.0
6022328_510_A104V8NZIQFN2F,0,1.0
6022328_510_A34QZDSTKZ3JO9,1,1.0
6022867_0_A34QZDSTKZ3JO9,1,1.0
6022867_0_AA7ASGQEOMKEZ,1,1.0
6022867_778_A1CF6U3GF7DZEJ,0,1.0
6022867_778_AE861G0AY5RGT,0,1.0
6024130_356_A2OZTBCBOCHF9E,0,1.0
6024130_356_A34QZDSTKZ3JO9,1,1.0
6025796_187_A2GHGJP29KRWOQ,1,1.0
6025796_445_A1HKYY6XI2OHO1,1,1.0
6026123_88_AE861G0AY5RGT,0,1.0
6027980_507_A1HKYY6XI2OHO1,0,1.0
6028049_248_A104V8NZIQFN2F,0,1.0
6028049_248_A1CF6U3GF7DZEJ,1,1.0
6030836_0_A2D7S8Y2FAUWMC,0,1.0
6032130_279_AYFOAD75CRBKE,1,1.0
6032130_73_A1CF6U3GF7DZEJ,1,1.0
6032130_73_A1I4CYG5YDFTYM,1,1.0
6032130_73_A34QZDSTKZ3JO9,1,1.0
6037518_387_A1I4CYG5YDFTYM,1,1.0
6037518_387_A3CPPBPJ602FG1,0,1.0
6037743_326_A1OYYWJ2B7OQTD,1,1.0
6037743_326_AE861G0AY5RGT,1,1.0
6038024_306_A34QZDSTKZ3JO9,0,1.0
6038024_306_AE861G0AY5RGT,0,1.0
6039608_210_A1CF6U3GF7DZEJ,1,1.0
6039608_210_AA7ASGQEOMKEZ,0,1.0
6039744_0_A1I4CYG5YDFTYM,1,1.0
6040313_62_A34QZDSTKZ3JO9,0,1.0
6040313_62_AE861G0AY5RGT,0,1.0
6042475_234_A2GHGJP29KRWOQ,0,1.0
6042475_741_A1J0GU26323WVA,0,1.0
6042475_741_A2OZTBCBOCHF9E,1,1.0
6066271_10_A3GNQDFPZALU92,1,1.0
6066271_10_AB98SGS280TY5,0,1.0
6066271_278_A1CF6U3GF7DZEJ,0,1.0
6097752_629_A104V8NZIQFN2F,1,1.0
6099616_0_A1CF6U3GF7DZEJ,1,1.0
6099856_67_A1I4CYG5YDFTYM,0,1.0
6102433_0_A1DJNUJZN8FE7N,1,1.0
6102751_110_A2OZTBCBOCHF9E,0,1.0
6102751_110_AE861G0AY5RGT,0,1.0
6102751_193_A1LZPWVZRTUZD0,1,1.0
6102751_193_A2QVMCGDLTWV9,1,1.0
6102894_256_AB98SGS280TY5,0,1.0
6103367_0_A1CF6U3GF7DZEJ,1,1.0
6103367_0_A1HKYY6XI2OHO1,0,1.0
6103587_0_A1DJNUJZN8FE7N,1,1.0
6103587_0_A2D7S8Y2FAUWMC,1,1.0
6103657_46_A1DJNUJZN8FE7N,0,1.0
6104729_65_A1LZPWVZRTUZD0,1,1.0
6104729_65_A3TKD7EJ6BM0M5,1,1.0
6129077_395_A104V8NZIQFN2F,1,1.0
6129077_395_A34QZDSTKZ3JO9,0,1.0
6129077_395_AE861G0AY5RGT,1,1.0
6129077_486_A34QZDSTKZ3JO9,0,1.0
6131389_93_A1CF6U3GF7DZEJ,0,1.0
6131389_93_A2JKETV64OU7DY,0,1.0
6131389_93_A34QZDSTKZ3JO9,0,1.0
6207021_72_A1LZPWVZRTUZD0,1,1.0
6207021_72_A34QZDSTKZ3JO9,1,1.0
6207424_0_A3PILUAB7LZGWQ,0,1.0
6207424_320_A34QZDSTKZ3JO9,0,1.0
6207424_320_A3TKD7EJ6BM0M5,0,1.0
6207424_320_APW9F8OTJ4KXO,0,1.0
6209268_513_A2QVMCGDLTWV9,1,1.0
6210543_90_A104V8NZIQFN2F,0,1.0
6210543_90_A3TKD7EJ6BM0M5,1,1.0
6212065_290_A1HWI4N1RJGKYY,0,1.0
6212507_226_A104V8NZIQFN2F,1,1.0
6212507_226_A2QVMCGDLTWV9,1,1.0
6212507_226_AE861G0AY5RGT,1,1.0
6212644_60_A1CF6U3GF7DZEJ,1,1.0
6212698_362_A104V8NZIQFN2F,0,1.0
6212698_362_A1CF6U3GF7DZEJ,0,1.0
6212698_362_A34QZDSTKZ3JO9,1,1.0
6335460_399_A2QVMCGDLTWV9,0,1.0
6511026_202_AE861G0AY5RGT,1,1.0
6511026_804_A104V8NZIQFN2F,0,1.0
6516554_448_A1LZPWVZRTUZD0,0,1.0
6516554_584_A1HKYY6XI2OHO1,0,1.0
6516554_690_A34QZDSTKZ3JO9,1,1.0
6537087_558_AYFOAD75CRBKE,1,1.0
6537714_175_A247LJDZOGXJK6,0,1.0
6537714_175_AE861G0AY5RGT,1,1.0
6537714_58_A104V8NZIQFN2F,1,1.0
6539424_272_A2GHGJP29KRWOQ,0,1.0
6539424_272_A34QZDSTKZ3JO9,0,1.0
6539424_471_A1I4CYG5YDFTYM,0,1.0
6539424_471_A34QZDSTKZ3JO9,0,1.0
6540450_0_A104V8NZIQFN2F,1,1.0
6540450_0_A1CF6U3GF7DZEJ,0,1.0
6540450_156_A2JKETV64OU7DY,0,1.0
6620360_299_AA7ASGQEOMKEZ,1,1.0
6622253_637_AE861G0AY5RGT,1,1.0
6812058_668_A1CF6U3GF7DZEJ,0,1.0
6812058_695_A104V8NZIQFN2F,0,1.0
6812058_695_A1Z6F664MYBMVI,1,1.0
6812570_102_A1CF6U3GF7DZEJ,1,1.0
6812570_102_A1I4CYG5YDFTYM,1,1.0
6812570_102_A34QZDSTKZ3JO9,1,1.0
6812570_454_A1CF6U3GF7DZEJ,0,1.0
6812570_454_AE861G0AY5RGT,1,1.0
6812570_755_AYFOAD75CRBKE,1,1.0
6813091_526_A34QZDSTKZ3JO9,0,1.0
6814608_150_AE861G0AY5RGT,1,1.0
6814608_283_AA7ASGQEOMKEZ,0,1.0
6816351_0_A1HKYY6XI2OHO1,1,1.0
6816976_108_APW9F8OTJ4KXO,1,1.0
6861302_449_A104V8NZIQFN2F,1,1.0
6861302_449_A1LZPWVZRTUZD0,0,1.0
6861302_86_A34QZDSTKZ3JO9,0,1.0
6890090_0_AE861G0AY5RGT,0,1.0
6890090_180_A1CF6U3GF7DZEJ,0,1.0
6891432_76_A3TKD7EJ6BM0M5,1,1.0
6892705_686_AJNQ2PBD07FKE,0,1.0
6893308_37_A1DJNUJZN8FE7N,1,1.0
6893308_37_A34QZDSTKZ3JO9,0,1.0
6893308_37_AE861G0AY5RGT,0,1.0
6893364_66_A34QZDSTKZ3JO9,1,1.0
6896111_56_A104V8NZIQFN2F,1,1.0
6896111_56_A1CF6U3GF7DZEJ,0,1.0
6896712_291_A1DJNUJZN8FE7N,0,1.0
6897401_59_APW9F8OTJ4KXO,0,1.0
6897586_0_A34QZDSTKZ3JO9,0,1.0
6898911_142_A1I4CYG5YDFTYM,1,1.0
6898911_142_A34QZDSTKZ3JO9,1,1.0
6947879_98_AYFOAD75CRBKE,1,1.0
6949697_298_A3GNQDFPZALU92,0,1.0
6949832_322_A1HKYY6XI2OHO1,0,1.0
6949832_322_A1I4CYG5YDFTYM,1,1.0
6949832_322_AYFOAD75CRBKE,1,1.0
6950733_110_A1I4CYG5YDFTYM,1,1.0
6951801_0_A1DJNUJZN8FE7N,1,1.0
6951801_0_A34QZDSTKZ3JO9,1,1.0
6953215_156_A1CF6U3GF7DZEJ,0,1.0
6953215_156_A24XBVPC9MYJVX,1,1.0
6953350_0_A1DJNUJZN8FE7N,1,1.0
6953350_0_APW9F8OTJ4KXO,1,1.0
6953351_131_A104V8NZIQFN2F,1,1.0
6953351_131_AA7ASGQEOMKEZ,0,1.0
6953351_131_AE861G0AY5RGT,0,1.0
6953387_0_A1HKYY6XI2OHO1,1,1.0
6953387_92_A1DJNUJZN8FE7N,0,1.0
6953387_92_A1HKYY6XI2OHO1,0,1.0
6954381_147_A2QVMCGDLTWV9,0,1.0
6954381_147_A3TKD7EJ6BM0M5,1,1.0
6954953_35_A34QZDSTKZ3JO9,0,1.0
6955398_0_A1I4CYG5YDFTYM,0,1.0
6995121_203_A3TKD7EJ6BM0M5,1,1.0
6995121_203_AE861G0AY5RGT,0,1.0
7010246_188_A1HKYY6XI2OHO1,1,1.0
7046664_196_A247LJDZOGXJK6,0,1.0
7049483_32_A3GNQDFPZALU92,1,1.0
7049483_32_AE861G0AY5RGT,0,1.0
7057234_301_A1DJNUJZN8FE7N,0,1.0
7057234_301_A1I4CYG5YDFTYM,0,1.0
7057234_301_A1J0GU26323WVA,0,1.0
7073280_263_A2D7S8Y2FAUWMC,0,1.0
7093338_0_A1DJNUJZN8FE7N,1,1.0
7093338_0_A1HKYY6XI2OHO1,0,1.0
7093361_751_A247LJDZOGXJK6,0,1.0
7096050_0_A247LJDZOGXJK6,0,1.0
7096050_0_A3C9GGDXBZW62D,0,1.0
7096784_0_A3TKD7EJ6BM0M5,0,1.0
7097300_277_AA7ASGQEOMKEZ,1,1.0
7097300_432_A1CF6U3GF7DZEJ,1,1.0
7097300_432_A1DJNUJZN8FE7N,0,1.0
7192051_342_A1DJNUJZN8FE7N,0,1.0
7192051_342_A1I4CYG5YDFTYM,0,1.0
7228812_179_A3GNQDFPZALU92,1,1.0
7229971_124_A34QZDSTKZ3JO9,1,1.0
7230457_951_A34QZDSTKZ3JO9,1,1.0
7230457_951_APW9F8OTJ4KXO,1,1.0
7234455_763_A1DJNUJZN8FE7N,0,1.0
7237604_435_A1HKYY6XI2OHO1,1,1.0
7237604_435_A1I4CYG5YDFTYM,1,1.0
7237604_435_A34QZDSTKZ3JO9,0,1.0
7237604_435_AE861G0AY5RGT,1,1.0
7237962_286_A34QZDSTKZ3JO9,1,1.0
7326661_150_A1CF6U3GF7DZEJ,0,1.0
7327906_1007_A1DJNUJZN8FE7N,0,1.0
7327906_793_A3PILUAB7LZGWQ,0,1.0
7327906_793_APW9F8OTJ4KXO,1,1.0
7329563_229_A104V8NZIQFN2F,1,1.0
7367053_312_A1HKYY6XI2OHO1,1,1.0
7385804_218_A1DJNUJZN8FE7N,0,1.0
7385804_218_A34QZDSTKZ3JO9,0,1.0
7441792_159_A1DJNUJZN8FE7N,0,1.0
7441792_159_A34QZDSTKZ3JO9,0,1.0
7441792_159_AE861G0AY5RGT,0,1.0
7441792_159_APW9F8OTJ4KXO,0,1.0
7447002_600_A1I4CYG5YDFTYM,0,1.0
7447002_600_AB98SGS280TY5,1,1.0
7447002_600_AE861G0AY5RGT,1,1.0
7528221_0_A1CF6U3GF7DZEJ,0,1.0
7528221_0_A1DJNUJZN8FE7N,0,1.0
7528221_0_A1HKYY6XI2OHO1,0,1.0
7528221_101_A104V8NZIQFN2F,0,1.0
7528221_101_A3GNQDFPZALU92,0,1.0
7528221_101_AE861G0AY5RGT,0,1.0
7528221_507_A1CF6U3GF7DZEJ,1,1.0
7528422_0_A1I4CYG5YDFTYM,0,1.0
7528422_0_A247LJDZOGXJK6,0,1.0
7528422_0_AA7ASGQEOMKEZ,1,1.0
7545952_11_A1CF6U3GF7DZEJ,1,1.0
7545952_11_A34QZDSTKZ3JO9,0,1.0
7638928_211_A1HKYY6XI2OHO1,0,1.0
7638928_211_A2G30CUMM6UXG5,1,1.0
7644790_273_A1I4CYG5YDFTYM,0,1.0
7644790_273_A247LJDZOGXJK6,0,1.0
7644790_273_A3TKD7EJ6BM0M5,0,1.0
7948878_0_A34QZDSTKZ3JO9,0,1.0
7948878_0_AA7ASGQEOMKEZ,0,1.0
7948878_96_A1I4CYG5YDFTYM,0,1.0
7948914_704_A1CF6U3GF7DZEJ,1,1.0
7948914_704_AE861G0AY5RGT,0,1.0
7950152_31_AHQ90UG2T3KNB,0,1.0
7950152_326_A1DJNUJZN8FE7N,0,1.0
7950152_326_A2GHGJP29KRWOQ,1,1.0
7950152_326_A34QZDSTKZ3JO9,1,1.0
7950152_435_A1CF6U3GF7DZEJ,1,1.0
7950969_0_A1LZPWVZRTUZD0,0,1.0
7950969_0_A2QVMCGDLTWV9,1,1.0
7951380_271_A104V8NZIQFN2F,1,1.0
7951380_271_A2GHGJP29KRWOQ,1,1.0
7951380_271_AHQ90UG2T3KNB,0,1.0
7951527_155_A1I4CYG5YDFTYM,1,1.0
7951527_444_A1DJNUJZN8FE7N,0,1.0
7951527_444_A1I4CYG5YDFTYM,1,1.0
7951527_444_AYFOAD75CRBKE,0,1.0
7951577_0_AJNQ2PBD07FKE,0,1.0
7951577_328_A1I4CYG5YDFTYM,1,1.0
7951620_0_APW9F8OTJ4KXO,1,1.0
7951620_161_A1I4CYG5YDFTYM,1,1.0
7951620_515_A34QZDSTKZ3JO9,1,1.0
7951790_153_A1CF6U3GF7DZEJ,0,1.0
7951790_153_A1I4CYG5YDFTYM,1,1.0
7951790_153_A2JKETV64OU7DY,1,1.0
7951873_50_A104V8NZIQFN2F,0,1.0
7952064_0_A3TKD7EJ6BM0M5,0,1.0
7952064_230_A104V8NZIQFN2F,0,1.0
7952064_230_A1CF6U3GF7DZEJ,1,1.0
7952064_230_A1LZPWVZRTUZD0,0,1.0
7952064_230_A34QZDSTKZ3JO9,1,1.0
7952064_385_A34QZDSTKZ3JO9,1,1.0
7952451_0_A2GHGJP29KRWOQ,1,1.0
7952465_125_A2GHGJP29KRWOQ,1,1.0
7952465_125_A34QZDSTKZ3JO9,0,1.0
7952465_337_A1I4CYG5YDFTYM,1,1.0
7952465_337_AE861G0AY5RGT,1,1.0
7952666_0_A1DJNUJZN8FE7N,0,1.0
7952666_0_A34QZDSTKZ3JO9,1,1.0
7952666_625_A1OYYWJ2B7OQTD,1,1.0
7952666_625_A2QVMCGDLTWV9,0,1.0
7952666_625_A3PILUAB7LZGWQ,1,1.0
7952992_353_A1CF6U3GF7DZEJ,1,1.0
7952992_715_A2QVMCGDLTWV9,1,1.0
7952992_715_A3PILUAB7LZGWQ,1,1.0
7954757_191_A1I4CYG5YDFTYM,1,1.0
7954757_191_A34QZDSTKZ3JO9,0,1.0
7954757_62_A2JKETV64OU7DY,1,1.0
7955845_0_A1I4CYG5YDFTYM,1,1.0
7955845_0_A34QZDSTKZ3JO9,1,1.0
7955845_189_AE861G0AY5RGT,0,1.0
7955845_286_A247LJDZOGXJK6,0,1.0
7955845_286_A34QZDSTKZ3JO9,0,1.0
7955845_286_AYFOAD75CRBKE,1,1.0
7955845_741_A1DJNUJZN8FE7N,1,1.0
7956728_212_A3C9GGDXBZW62D,1,1.0
7956728_349_A104V8NZIQFN2F,1,1.0
7956728_349_A1CF6U3GF7DZEJ,1,1.0
7956728_349_A1I4CYG5YDFTYM,1,1.0
7956728_349_A1LZPWVZRTUZD0,1,1.0
7957857_376_A1I4CYG5YDFTYM,1,1.0
7957857_521_A2QVMCGDLTWV9,1,1.0
7957857_673_A2OZTBCBOCHF9E,1,1.0
7957857_673_A34QZDSTKZ3JO9,1,1.0
7957857_806_APW9F8OTJ4KXO,1,1.0
7957857_89_A1CF6U3GF7DZEJ,1,1.0
7957857_89_A1OYYWJ2B7OQTD,0,1.0
7968413_132_A1I4CYG5YDFTYM,0,1.0
7968413_132_A34QZDSTKZ3JO9,0,1.0
7968413_132_AYFOAD75CRBKE,1,1.0
7968605_907_A1CF6U3GF7DZEJ,1,1.0
7979843_984_A1CF6U3GF7DZEJ,1,1.0
7979843_984_A1I4CYG5YDFTYM,1,1.0
8360040_148_AE861G0AY5RGT,0,1.0
8360040_330_A34QZDSTKZ3JO9,0,1.0
8370267_677_A104V8NZIQFN2F,1,1.0
8370267_677_A34QZDSTKZ3JO9,1,1.0
8385486_0_A1DJNUJZN8FE7N,0,1.0
8385486_0_AE861G0AY5RGT,1,1.0
8385486_0_APW9F8OTJ4KXO,0,1.0
8385921_17_A3PILUAB7LZGWQ,0,1.0
8385921_17_AE861G0AY5RGT,0,1.0
8385921_676_A1I4CYG5YDFTYM,1,1.0
8386236_62_AE861G0AY5RGT,0,1.0
8389640_328_A247LJDZOGXJK6,1,1.0
8390305_345_A1HKYY6XI2OHO1,0,1.0
8390305_345_A3TKD7EJ6BM0M5,1,1.0
8390305_345_APW9F8OTJ4KXO,1,1.0
8390305_86_A104V8NZIQFN2F,1,1.0
8390396_127_A104V8NZIQFN2F,0,1.0
8391093_336_A1LZPWVZRTUZD0,1,1.0
8470645_137_A34QZDSTKZ3JO9,0,1.0
8470645_137_APW9F8OTJ4KXO,0,1.0
8687859_604_A34QZDSTKZ3JO9,1,1.0
8692446_231_A3GNQDFPZALU92,1,1.0
8828406_0_A1DJNUJZN8FE7N,1,1.0
8828406_0_A2GHGJP29KRWOQ,0,1.0
8828406_0_A3C9GGDXBZW62D,0,1.0
8828822_204_A104V8NZIQFN2F,1,1.0
8828822_204_AE861G0AY5RGT,0,1.0
8828991_217_A2QVMCGDLTWV9,0,1.0
8828991_217_A34QZDSTKZ3JO9,0,1.0
8828991_217_A3TKD7EJ6BM0M5,1,1.0
8828991_387_A1I4CYG5YDFTYM,1,1.0
8828991_581_A3TKD7EJ6BM0M5,0,1.0
8829168_82_AE861G0AY5RGT,1,1.0
8829278_378_A1CF6U3GF7DZEJ,0,1.0
8830542_132_A104V8NZIQFN2F,0,1.0
8831613_0_A1DJNUJZN8FE7N,1,1.0
8831613_0_APW9F8OTJ4KXO,1,1.0
8831613_509_A1CF6U3GF7DZEJ,1,1.0
8831916_221_A34QZDSTKZ3JO9,0,1.0
8832426_496_A34QZDSTKZ3JO9,0,1.0
8832426_496_A3C9GGDXBZW62D,1,1.0
8833999_200_A34QZDSTKZ3JO9,1,1.0
8833999_399_A2D7S8Y2FAUWMC,0,1.0
8834740_580_A1HKYY6XI2OHO1,0,1.0
8834740_580_A1I4CYG5YDFTYM,0,1.0
8835695_451_A1DJNUJZN8FE7N,1,1.0
8835695_451_A34QZDSTKZ3JO9,1,1.0
8835812_0_A104V8NZIQFN2F,0,1.0
8835812_0_A34QZDSTKZ3JO9,1,1.0
8837139_0_A247LJDZOGXJK6,0,1.0
8837139_0_A34QZDSTKZ3JO9,1,1.0
8837139_0_AE861G0AY5RGT,1,1.0
8838287_6_A1DJNUJZN8FE7N,1,1.0
8839462_225_A1I4CYG5YDFTYM,1,1.0
8840022_174_A3GNQDFPZALU92,0,1.0
8840022_174_APW9F8OTJ4KXO,1,1.0
8841900_282_A1CF6U3GF7DZEJ,0,1.0
8841921_0_A1CF6U3GF7DZEJ,0,1.0
8841921_0_A3TKD7EJ6BM0M5,1,1.0
8892337_0_A3C9GGDXBZW62D,0,1.0
8892337_0_AA7ASGQEOMKEZ,1,1.0
8892337_317_APW9F8OTJ4KXO,0,1.0
9043593_0_A104V8NZIQFN2F,0,1.0
9043593_0_AE861G0AY5RGT,1,1.0
9043990_0_A1CF6U3GF7DZEJ,0,1.0
9043990_0_A2D7S8Y2FAUWMC,1,1.0
9043990_0_A34QZDSTKZ3JO9,1,1.0
9043990_308_A1CF6U3GF7DZEJ,1,1.0
9043990_308_A3TKD7EJ6BM0M5,0,1.0
9045292_110_A104V8NZIQFN2F,0,1.0
9045292_110_A1I4CYG5YDFTYM,0,1.0
9045292_250_AE861G0AY5RGT,0,1.0
9047310_65_A247LJDZOGXJK6,1,1.0
9177340_550_A1LZPWVZRTUZD0,0,1.0
9182493_709_A1CF6U3GF7DZEJ,1,1.0
9182493_827_AA7ASGQEOMKEZ,1,1.0
9183882_288_A34QZDSTKZ3JO9,1,1.0
9183882_51_A1I4CYG5YDFTYM,1,1.0
9305215_307_A104V8NZIQFN2F,0,1.0
9305215_426_A1I4CYG5YDFTYM,0,1.0
9305668_0_A1CF6U3GF7DZEJ,0,1.0
9305668_357_A34QZDSTKZ3JO9,1,1.0
9306087_441_A1HKYY6XI2OHO1,1,1.0
9306087_528_A3TKD7EJ6BM0M5,0,1.0
9306087_837_A104V8NZIQFN2F,1,1.0
9308278_66_A34QZDSTKZ3JO9,0,1.0
9308366_0_A1I4CYG5YDFTYM,0,1.0
9308366_0_AE861G0AY5RGT,1,1.0
9308366_0_AYFOAD75CRBKE,0,1.0
9308366_232_A1I4CYG5YDFTYM,0,1.0
9308914_112_AE861G0AY5RGT,1,1.0
9308914_360_A104V8NZIQFN2F,1,1.0
9308914_360_A34QZDSTKZ3JO9,0,1.0
9309004_185_A2QVMCGDLTWV9,1,1.0
9309004_185_AE861G0AY5RGT,1,1.0
9311766_52_A104V8NZIQFN2F,0,1.0
9311766_52_A2G30CUMM6UXG5,1,1.0
9311766_52_A34QZDSTKZ3JO9,1,1.0
9312264_156_A1I4CYG5YDFTYM,0,1.0
9312264_156_A247LJDZOGXJK6,1,1.0
9312464_700_A104V8NZIQFN2F,0,1.0
9327086_83_AE861G0AY5RGT,0,1.0
9417806_0_A1LZPWVZRTUZD0,1,1.0
9417806_386_A104V8NZIQFN2F,0,1.0
9417806_386_A2GHGJP29KRWOQ,1,1.0
9417917_321_A2JKETV64OU7DY,0,1.0
9417917_321_A34QZDSTKZ3JO9,1,1.0
9417917_880_A2GHGJP29KRWOQ,0,1.0
9418772_0_A2GHGJP29KRWOQ,1,1.0
9419257_10_A1DJNUJZN8FE7N,0,1.0
9419257_10_A34QZDSTKZ3JO9,1,1.0
9419257_180_A104V8NZIQFN2F,0,1.0
9419257_447_A1N1T17XTPEEK5,1,1.0
9419257_447_A34QZDSTKZ3JO9,0,1.0
9419257_447_APW9F8OTJ4KXO,1,1.0
9421189_473_A104V8NZIQFN2F,1,1.0
9556491_349_A2QVMCGDLTWV9,1,1.0
9557758_243_A1DJNUJZN8FE7N,0,1.0
9557758_243_APW9F8OTJ4KXO,0,1.0
9557758_49_A3TKD7EJ6BM0M5,0,1.0
9557758_49_APQU1QQ738JV9,1,1.0
9561738_375_A2GHGJP29KRWOQ,1,1.0
9561738_375_A34QZDSTKZ3JO9,1,1.0
9565783_0_A1CF6U3GF7DZEJ,1,1.0
9829888_207_A104V8NZIQFN2F,0,1.0
9830834_0_A2G30CUMM6UXG5,1,1.0
9830834_412_APW9F8OTJ4KXO,0,1.0
9831366_0_A1I4CYG5YDFTYM,0,1.0
9831390_0_A104V8NZIQFN2F,1,1.0
9831390_15_A1CF6U3GF7DZEJ,1,1.0
9831959_439_A34QZDSTKZ3JO9,1,1.0
9832599_0_A1I4CYG5YDFTYM,1,1.0
9832599_442_A1HKYY6XI2OHO1,0,1.0
9832599_442_A247LJDZOGXJK6,0,1.0
9832599_442_APW9F8OTJ4KXO,1,1.0
9833799_267_A34QZDSTKZ3JO9,0,1.0
9841537_25_A34QZDSTKZ3JO9,0,1.0
9841537_340_A34QZDSTKZ3JO9,1,1.0
9841537_340_APW9F8OTJ4KXO,1,1.0
9844415_393_A3TKD7EJ6BM0M5,1,1.0
9846734_289_AE861G0AY5RGT,1,1.0
9846734_338_A1I4CYG5YDFTYM,1,1.0
9846734_338_A247LJDZOGXJK6,1,1.0
9848910_0_A1DJNUJZN8FE7N,0,1.0
9853355_102_A24XBVPC9MYJVX,1,1.0
9853997_193_A1CF6U3GF7DZEJ,0,1.0
9853997_193_A2QVMCGDLTWV9,0,1.0
9853997_193_A3GNQDFPZALU92,1,1.0
9853997_193_A8GWYS9O8FUEK,0,1.0
9859903_0_A1I4CYG5YDFTYM,0,1.0
9859903_582_A34QZDSTKZ3JO9,0,1.0
9859903_582_A3PILUAB7LZGWQ,0,1.0
9863387_192_A1HKYY6XI2OHO1,1,1.0
9863387_192_APW9F8OTJ4KXO,1,1.0
9863414_511_A1CF6U3GF7DZEJ,0,1.0
9863414_511_A1I4CYG5YDFTYM,0,1.0
9863414_511_A1LZPWVZRTUZD0,0,1.0
9944695_431_A1I4CYG5YDFTYM,1,1.0
9944695_431_APW9F8OTJ4KXO,1,1.0
9944713_0_A2G30CUMM6UXG5,0,1.0
9944713_389_A104V8NZIQFN2F,0,1.0
9944713_82_A34QZDSTKZ3JO9,0,1.0
9944889_71_A104V8NZIQFN2F,1,1.0
9944889_71_A3TKD7EJ6BM0M5,1,1.0
9947157_154_A34QZDSTKZ3JO9,0,1.0
9947157_154_AE861G0AY5RGT,0,1.0
9947157_261_A1CF6U3GF7DZEJ,0,1.0
9949264_223_AE861G0AY5RGT,1,1.0
9950119_0_A3TKD7EJ6BM0M5,1,1.0
9950119_108_A1DJNUJZN8FE7N,0,1.0
9950119_108_APW9F8OTJ4KXO,0,1.0
9950396_0_A1I4CYG5YDFTYM,1,1.0
9950396_0_A34QZDSTKZ3JO9,0,1.0
9950813_10_A104V8NZIQFN2F,0,1.0
9950813_192_A34QZDSTKZ3JO9,1,1.0
9950813_449_A104V8NZIQFN2F,0,1.0
9950813_449_A1I4CYG5YDFTYM,1,1.0
9952050_384_A1CF6U3GF7DZEJ,0,1.0
9952050_384_AB98SGS280TY5,1,1.0
9952264_252_AJNQ2PBD07FKE,0,1.0
9952573_220_A1DJNUJZN8FE7N,0,1.0
9952573_220_A1HKYY6XI2OHO1,1,1.0
9952573_220_A34QZDSTKZ3JO9,1,1.0
9952772_37_AA7ASGQEOMKEZ,0,1.0
9952772_729_A2OZTBCBOCHF9E,0,1.0
9952772_729_A3TKD7EJ6BM0M5,1,1.0
9953236_117_A104V8NZIQFN2F,1,1.0
9953236_117_A34QZDSTKZ3JO9,1,1.0
9953236_359_A2JKETV64OU7DY,1,1.0
9953248_133_A1I4CYG5YDFTYM,0,1.0
9953448_82_A34QZDSTKZ3JO9,1,1.0
9971187_252_A1J0GU26323WVA,1,1.0
9974255_0_A2GHGJP29KRWOQ,0,1.0
9974255_0_A3C9GGDXBZW62D,1,1.0
9975147_345_A138BU1VWM2RKN,0,1.0
9975147_345_A34QZDSTKZ3JO9,0,1.0
9975147_345_AA7ASGQEOMKEZ,0,1.0